"source_path","bytes","last_write_time","sha256"
"teams 채널 데이터\Teams Channel - 와키윌리 QR 대응 체계 - 26FW QR - 2026-07-27 - 080021.md","20411","2026-07-28 08:00:22","1dfdd316f6b9fe871cec3a4364e090f5d91803e251fc34aa57fbb6dee0874327"
"teams 채널 데이터\Teams Channel - 와키윌리 QR 대응 체계 - 26FW QR - 2026-07-27 - 080103.md","20411","2026-07-28 08:01:04","1dfdd316f6b9fe871cec3a4364e090f5d91803e251fc34aa57fbb6dee0874327"
"teams 채널 데이터\Teams Channel - 와키윌리 QR 대응 체계 - 26FW QR - 2026-07-28 - 080021.md","20411","2026-07-29 08:00:23","6d610b0612212d7652243fcc13efacd70294c598444e27ee131601e93fd79226"
"teams 채널 데이터\Teams Channel - 와키윌리 QR 대응 체계 - 26FW QR - 2026-07-28 - 080104.md","20411","2026-07-29 08:01:05","6d610b0612212d7652243fcc13efacd70294c598444e27ee131601e93fd79226"
"teams 채널 데이터\Teams Channel - 와키윌리 QR 대응 체계 - 26FW QR - 2026-07-29 - 080021.md","20411","2026-07-30 08:00:22","281e79594ab85231fc935f013c9d15c96a841d15b2b2c49f1f62ba93e34bafa6"
"teams 채널 데이터\Teams Channel - 와키윌리 QR 대응 체계 - 26FW QR - 2026-07-29 - 080104.md","20411","2026-07-30 08:01:05","281e79594ab85231fc935f013c9d15c96a841d15b2b2c49f1f62ba93e34bafa6"
"teams 채널 데이터\Teams Channel - 와키윌리 QR 대응 체계 - 26FW QR - 2026-07-30 - 080020.md","20411","2026-07-31 08:00:21","4f2873189f6e19d108eda94e9eb6b77edab124f001e481fd8db4129f0ed15c3e"
"teams 채널 데이터\Teams Channel - 와키윌리 QR 대응 체계 - 26FW QR - 2026-07-30 - 080106.md","20411","2026-07-31 08:01:07","4f2873189f6e19d108eda94e9eb6b77edab124f001e481fd8db4129f0ed15c3e"
"teams 채널 데이터\Teams Channel - 와키윌리 QR 대응 체계 - 26FW QR - 2026-07-31 - 080019.md","22448","2026-08-01 08:00:19","f44b7b0148acb50055be7f27619a985c0420b70a96326daf1126d14b3902766a"
"teams 채널 데이터\Teams Channel - 와키윌리 QR 대응 체계 - 26FW QR - 2026-07-31 - 080104.md","22448","2026-08-01 08:01:05","f44b7b0148acb50055be7f27619a985c0420b70a96326daf1126d14b3902766a"
"teams 채널 데이터\Teams Channel - 와키윌리 QR 대응 체계 - 26FW QR - 2026-08-01 - 080029.md","22448","2026-08-02 08:00:31","ce67496c163809a7a4a95f53f8619b8ce03b6ad3c4f3ce57873cfa28bcda5bf1"
"teams 채널 데이터\Teams Channel - 와키윌리 QR 대응 체계 - 26FW QR - 2026-08-01 - 080104.md","22448","2026-08-02 08:01:05","ce67496c163809a7a4a95f53f8619b8ce03b6ad3c4f3ce57873cfa28bcda5bf1"
"teams 채널 데이터\Teams Channel - 와키윌리 QR 대응 체계 - 26FW QR - 2026-08-02 - 080032.md","22448","2026-08-03 08:00:33","010d936b0194288543b67c3943c801cf008dae9c16bc1d794de4e0b42c3a3ace"
"teams 채널 데이터\Teams Channel - 와키윌리 QR 대응 체계 - 26FW QR - 2026-08-02 - 080104.md","22448","2026-08-03 08:01:05","010d936b0194288543b67c3943c801cf008dae9c16bc1d794de4e0b42c3a3ace"
"teams 채널 데이터\Teams Channel - 와키윌리 QR 대응 체계 - 26FW QR - 2026-08-03 - 080022.md","22950","2026-08-04 08:00:23","316b885ebe42d8290bccc3e3f0b3ef1d3cc67f665b7aaa730e1653a922403042"
"teams 채널 데이터\Teams Channel - 와키윌리 QR 대응 체계 - 26FW QR - 2026-08-03 - 080105.md","22950","2026-08-04 08:01:06","316b885ebe42d8290bccc3e3f0b3ef1d3cc67f665b7aaa730e1653a922403042"
"teams 채널 데이터\Teams Channel - 와키윌리 QR 대응 체계 - 26FW QR - 2026-08-04 - 080027.md","22950","2026-08-05 08:00:28","b3a1b3f248cfedf301527c626551426e7650887d2b42512d5ef1b461c83d5bf9"
"teams 채널 데이터\Teams Channel - 와키윌리 QR 대응 체계 - 26FW QR - 2026-08-04 - 080106.md","22950","2026-08-05 08:01:06","b3a1b3f248cfedf301527c626551426e7650887d2b42512d5ef1b461c83d5bf9"
"teams 채널 데이터\Teams Channel - 와키윌리 QR 대응 체계 - 26FW QR - 2026-08-05 - 080020.md","22950","2026-08-06 08:00:21","2213e2fbc0593fda552bef4e7bae6b35fdbf364fa46deb3ebd8df973faa87d8b"
"teams 채널 데이터\Teams Channel - 와키윌리 QR 대응 체계 - 26FW QR - 2026-08-05 - 080106.md","22950","2026-08-06 08:01:07","2213e2fbc0593fda552bef4e7bae6b35fdbf364fa46deb3ebd8df973faa87d8b"
"teams 채널 데이터\Teams Channel - 와키윌리 QR 대응 체계 - 26FW QR - 2026-08-06 - 080026.md","23295","2026-08-07 08:00:27","67677a8dbda56dba27533622076a90e5387693e955c0fb4ac17efdc4403c95bf"
"teams 채널 데이터\Teams Channel - 와키윌리 QR 대응 체계 - 26FW QR - 2026-08-06 - 080106.md","23295","2026-08-07 08:01:07","67677a8dbda56dba27533622076a90e5387693e955c0fb4ac17efdc4403c95bf"
"teams 채널 데이터\Teams Channel - 와키윌리 QR 대응 체계 - 26FW QR - 2026-08-07 - 080034.md","26968","2026-08-08 08:00:35","0383bef9e92628a6febab2985aab4e0a1176caaf968c4a6bcaef2b50790fb150"
"teams 채널 데이터\Teams Channel - 와키윌리 QR 대응 체계 - 26FW QR - 2026-08-07 - 080106.md","26968","2026-08-08 08:01:07","0383bef9e92628a6febab2985aab4e0a1176caaf968c4a6bcaef2b50790fb150"
"teams 채널 데이터\Teams Channel - 와키윌리 QR 대응 체계 - 26FW QR - 2026-08-08 - 080022.md","26968","2026-08-09 08:00:23","300bbe8eaa54561758106ae03792985cfe564e78bea55990e31640a610155179"
"teams 채널 데이터\Teams Channel - 와키윌리 QR 대응 체계 - 26FW QR - 2026-08-08 - 080108.md","26968","2026-08-09 08:01:08","300bbe8eaa54561758106ae03792985cfe564e78bea55990e31640a610155179"
"teams 채널 데이터\Teams Channel - 와키윌리 QR 대응 체계 - 26FW QR - 2026-08-09 - 080027.md","26968","2026-08-10 08:00:29","55d98797a6afdd48b0a6b88b68ae269eb0984a9f947d725f7ef6d9259ab55a03"
"teams 채널 데이터\Teams Channel - 와키윌리 QR 대응 체계 - 26FW QR - 2026-08-09 - 080106.md","26968","2026-08-10 08:01:07","55d98797a6afdd48b0a6b88b68ae269eb0984a9f947d725f7ef6d9259ab55a03"
"teams 채널 데이터\Teams Channel - 와키윌리 QR 대응 체계 - 26FW QR - 2026-08-10 - 080036.md","26968","2026-08-11 08:00:38","2e2acb8d25a52fe12ac5ec61cb18df74ccb4f40c68816fa41b041eab97db546f"
"teams 채널 데이터\Teams Channel - 와키윌리 QR 대응 체계 - 26FW QR - 2026-08-10 - 080106.md","26968","2026-08-11 08:01:07","2e2acb8d25a52fe12ac5ec61cb18df74ccb4f40c68816fa41b041eab97db546f"
"teams 채널 데이터\Teams Channel - 와키윌리 QR 대응 체계 - 26FW QR - 2026-08-11 - 080020.md","26968","2026-08-12 08:00:21","dd34e437dedbecaa45627c1da4ff2341afc2243c9f07f875a0c96f06c9c7a8a1"
"teams 채널 데이터\Teams Channel - 와키윌리 QR 대응 체계 - 26FW QR - 2026-08-11 - 080105.md","26968","2026-08-12 08:01:07","dd34e437dedbecaa45627c1da4ff2341afc2243c9f07f875a0c96f06c9c7a8a1"
"teams 채널 데이터\Teams Channel - 와키윌리 QR 대응 체계 - 26FW QR - 2026-08-12 - 080031.md","26968","2026-08-13 08:00:32","99118063def96c86afb0309fbbfe5a097bde54a42e8886191de88911475962a6"
"teams 채널 데이터\Teams Channel - 와키윌리 QR 대응 체계 - 26FW QR - 2026-08-12 - 080106.md","26968","2026-08-13 08:01:07","99118063def96c86afb0309fbbfe5a097bde54a42e8886191de88911475962a6"
"teams 채널 데이터\Teams Channel - 와키윌리 QR 대응 체계 - 26FW QR - 2026-08-13 - 080023.md","26968","2026-08-14 08:00:24","a91a1485e641a646651aac5f21d0ce4b64135a7a6d3c183e4416260b21f465ab"
"teams 채널 데이터\Teams Channel - 와키윌리 QR 대응 체계 - 26FW QR - 2026-08-13 - 080113.md","26968","2026-08-14 08:01:14","a91a1485e641a646651aac5f21d0ce4b64135a7a6d3c183e4416260b21f465ab"
"teams 채널 데이터\Teams Channel - 와키윌리 QR 대응 체계 - 26FW QR - 2026-08-14 - 080031.md","26968","2026-08-15 08:00:35","98139e8bbe082711d4486a20455cb1ee4f599fd628d385b74027933d31cc9a69"
"teams 채널 데이터\Teams Channel - 와키윌리 QR 대응 체계 - 26FW QR - 2026-08-14 - 080128.md","26968","2026-08-15 08:01:28","98139e8bbe082711d4486a20455cb1ee4f599fd628d385b74027933d31cc9a69"
"teams 채널 데이터\Teams Channel - 와키윌리 QR 대응 체계 - 26FW QR - 2026-08-15 - 080021.md","26968","2026-08-16 08:00:22","451cba8783f125b6e04196f5a107bf5333cdfb7fb26c8f97ad07a3fc23da873d"
"teams 채널 데이터\Teams Channel - 와키윌리 QR 대응 체계 - 26FW QR - 2026-08-15 - 080106.md","26968","2026-08-16 08:01:07","451cba8783f125b6e04196f5a107bf5333cdfb7fb26c8f97ad07a3fc23da873d"
"teams 채널 데이터\Teams Channel - 와키윌리 QR 대응 체계 - 26FW QR - 2026-08-16 - 080023.md","26968","2026-08-17 08:00:24","4287f5c2409522a8f5d0ff45cdb870a5627a0115b3864f9e1bd3b25e29c1351c"
"teams 채널 데이터\Teams Channel - 와키윌리 QR 대응 체계 - 26FW QR - 2026-08-16 - 080106.md","26968","2026-08-17 08:01:07","4287f5c2409522a8f5d0ff45cdb870a5627a0115b3864f9e1bd3b25e29c1351c"
"teams 채널 데이터\Teams Channel - 와키윌리 QR 대응 체계 - 26FW QR - 2026-08-17 - 080027.md","26968","2026-08-18 08:00:29","38409f8ff18d2bad84a21763d7baa3b025c58e0b03fb4d5f40990e025cd00f23"
"teams 채널 데이터\Teams Channel - 와키윌리 QR 대응 체계 - 26FW QR - 2026-08-17 - 080107.md","26968","2026-08-18 08:01:09","38409f8ff18d2bad84a21763d7baa3b025c58e0b03fb4d5f40990e025cd00f23"
"teams 채널 데이터\Teams Channel - 와키윌리 QR 대응 체계 - 26FW QR - 2026-08-18 - 080033.md","26968","2026-08-19 08:00:34","9634cf76442d71e6127360ff3206bb1094a54b37e3f0fbf1aeb4620ac887f96d"
"teams 채널 데이터\Teams Channel - 와키윌리 QR 대응 체계 - 26FW QR - 2026-08-18 - 080107.md","26968","2026-08-19 08:01:09","9634cf76442d71e6127360ff3206bb1094a54b37e3f0fbf1aeb4620ac887f96d"
"teams 채널 데이터\Teams Channel - 와키윌리 QR 대응 체계 - 26FW QR - 2026-08-19 - 080040.md","26968","2026-08-20 08:00:42","ceacd7765d6f2127402407e510d4126d81fbe25a811f5fb0aa40bd9ef1c41056"
"teams 채널 데이터\Teams Channel - 와키윌리 QR 대응 체계 - 26FW QR - 2026-08-19 - 080106.md","26968","2026-08-20 08:01:08","ceacd7765d6f2127402407e510d4126d81fbe25a811f5fb0aa40bd9ef1c41056"
"teams 채널 데이터\Teams Channel - 와키윌리 QR 대응 체계 - 26FW QR - 2026-08-20 - 080023.md","27231","2026-08-21 08:00:24","144815e2f892fa96912cbf6dd9f44d0ddec41c64f3413cd8e06fc9eee44fb1b9"
"teams 채널 데이터\Teams Channel - 와키윌리 QR 대응 체계 - 26FW QR - 2026-08-20 - 080122.md","27231","2026-08-21 08:01:23","144815e2f892fa96912cbf6dd9f44d0ddec41c64f3413cd8e06fc9eee44fb1b9"
"teams 채널 데이터\Teams Channel - 와키윌리 QR 대응 체계 - 26FW QR - 2026-08-21 - 080025.md","27231","2026-08-22 08:00:26","33faedac5417983d7f6958b20a0b6032f3856d69380202650fac18e84aeb3abb"
"teams 채널 데이터\Teams Channel - 와키윌리 QR 대응 체계 - 26FW QR - 2026-08-21 - 080106.md","27231","2026-08-22 08:01:07","33faedac5417983d7f6958b20a0b6032f3856d69380202650fac18e84aeb3abb"
"teams 채널 데이터\Teams Channel - 와키윌리 QR 대응 체계 - 26FW QR - 2026-08-22 - 080024.md","27231","2026-08-23 08:00:26","5e59ccdb634ab20f8153e0560e011c8f59264e9ae90162381bbcf87f87aa60ca"
"teams 채널 데이터\Teams Channel - 와키윌리 QR 대응 체계 - 26FW QR - 2026-08-22 - 080105.md","27231","2026-08-23 08:01:06","5e59ccdb634ab20f8153e0560e011c8f59264e9ae90162381bbcf87f87aa60ca"
"teams 채널 데이터\Teams Channel - 와키윌리 QR 대응 체계 - 26FW QR - 2026-08-23 - 080024.md","27231","2026-08-24 08:00:25","4d4462dbb66fbb65b9dc73a16c89890a02cd6961c5a9692aff283ed70a245ad5"
"teams 채널 데이터\Teams Channel - 와키윌리 QR 대응 체계 - 26FW QR - 2026-08-23 - 080104.md","27231","2026-08-24 08:01:05","4d4462dbb66fbb65b9dc73a16c89890a02cd6961c5a9692aff283ed70a245ad5"
"teams 채널 데이터\Teams Channel - 와키윌리 QR 대응 체계 - 26FW QR - 2026-08-24 - 080029.md","27231","2026-08-25 08:00:30","6afac68e90e29cf172f24d8b7a61d0c4613aff63c0a3c5fd4d9389d03bfbe3c6"
"teams 채널 데이터\Teams Channel - 와키윌리 QR 대응 체계 - 26FW QR - 2026-08-24 - 080106.md","27231","2026-08-25 08:01:07","6afac68e90e29cf172f24d8b7a61d0c4613aff63c0a3c5fd4d9389d03bfbe3c6"
"teams 채널 데이터\Teams Channel - 와키윌리 QR 대응 체계 - 26FW QR - 2026-08-25 - 080026.md","27231","2026-08-26 08:00:27","249c8aaed19d66f3a096daa57a446cafabd683d6a9bef69d30e4ccf091ed97aa"
"teams 채널 데이터\Teams Channel - 와키윌리 QR 대응 체계 - 26FW QR - 2026-08-25 - 080106.md","27231","2026-08-26 08:01:07","249c8aaed19d66f3a096daa57a446cafabd683d6a9bef69d30e4ccf091ed97aa"
"teams 채널 데이터\Teams Channel - 와키윌리 QR 대응 체계 - 26FW QR - 2026-08-26 - 080025.md","27231","2026-08-27 08:00:25","b1b3fd1e595882fc2799912e03a0ce228428df6df284c11993b6fc70e6b21fcb"
"teams 채널 데이터\Teams Channel - 와키윌리 QR 대응 체계 - 26FW QR - 2026-08-26 - 080107.md","27231","2026-08-27 08:01:08","b1b3fd1e595882fc2799912e03a0ce228428df6df284c11993b6fc70e6b21fcb"
"teams 채널 데이터\Teams Channel - 와키윌리 QR 대응 체계 - 26FW QR - 2026-08-27 - 080029.md","27231","2026-08-28 08:00:30","0318ddc5797d710a9d8461761a5f0d74e5f1986dba0a1b239323df6102a55940"
"teams 채널 데이터\Teams Channel - 와키윌리 QR 대응 체계 - 26FW QR - 2026-08-27 - 080107.md","27231","2026-08-28 08:01:08","0318ddc5797d710a9d8461761a5f0d74e5f1986dba0a1b239323df6102a55940"
"teams 채널 데이터\Teams Channel - 와키윌리 QR 대응 체계 - 26FW QR - 2026-08-28 - 080022.md","27231","2026-08-29 08:00:23","3b0fa00b7a07022bff096239d7d780d056cd7626e417a26b7db57c88845c38fe"
"teams 채널 데이터\Teams Channel - 와키윌리 QR 대응 체계 - 26FW QR - 2026-08-28 - 080104.md","27231","2026-08-29 08:01:05","3b0fa00b7a07022bff096239d7d780d056cd7626e417a26b7db57c88845c38fe"
"teams 채널 데이터\Teams Channel - 와키윌리 QR 대응 체계 - 26FW QR - 2026-08-29 - 080031.md","27231","2026-08-30 08:00:31","7975c901ca02f8334c0a88726226c7de93f99d17587ca106fe299e31a2d522d9"
"teams 채널 데이터\Teams Channel - 와키윌리 QR 대응 체계 - 26FW QR - 2026-08-29 - 080110.md","27231","2026-08-30 08:01:10","7975c901ca02f8334c0a88726226c7de93f99d17587ca106fe299e31a2d522d9"
"teams 채널 데이터\Teams Channel - 와키윌리 QR 대응 체계 - 26FW QR - 2026-08-30 - 080025.md","27231","2026-08-31 08:00:25","2ab374f31b8097b5b1df66fc249ff420fabf9225eceb469666039bba63501885"
"teams 채널 데이터\Teams Channel - 와키윌리 QR 대응 체계 - 26FW QR - 2026-08-30 - 080105.md","27231","2026-08-31 08:01:05","2ab374f31b8097b5b1df66fc249ff420fabf9225eceb469666039bba63501885"
"teams 채널 데이터\Teams Channel - 와키윌리 QR 대응 체계 - 26FW QR - 2026-08-31 - 080024.md","27231","2026-09-01 08:00:25","45ce6754661e773e25abce944cdb3e3b9fddcd50fc9c308da274c27f3d704e9a"
"teams 채널 데이터\Teams Channel - 와키윌리 QR 대응 체계 - 26FW QR - 2026-08-31 - 080107.md","27231","2026-09-01 08:01:09","45ce6754661e773e25abce944cdb3e3b9fddcd50fc9c308da274c27f3d704e9a"
"teams 채널 데이터\Teams Channel - 와키윌리 QR 대응 체계 - 26FW QR - 2026-09-01 - 080039.md","27231","2026-09-02 08:00:40","97f337a29eb6c8c18cbb80c7d487fbc4aa317d6a5b59c1cf23e3a13f910ba574"
"teams 채널 데이터\Teams Channel - 와키윌리 QR 대응 체계 - 26FW QR - 2026-09-01 - 080112.md","27231","2026-09-02 08:01:13","97f337a29eb6c8c18cbb80c7d487fbc4aa317d6a5b59c1cf23e3a13f910ba574"
"teams 채널 데이터\Teams Channel - 와키윌리 QR 대응 체계 - 26FW QR - 2026-09-02 - 080026.md","27231","2026-09-03 08:00:27","bc880bb9d9860de93b3597d6f6094e69e3f0ae8d52b7b3ea6a6a02edb6cea344"
"teams 채널 데이터\Teams Channel - 와키윌리 QR 대응 체계 - 26FW QR - 2026-09-02 - 080106.md","27231","2026-09-03 08:01:08","bc880bb9d9860de93b3597d6f6094e69e3f0ae8d52b7b3ea6a6a02edb6cea344"
"teams 채널 데이터\teams_channel_archive.md","762617","2026-07-27 16:33:25","51cc09a2de69b81e42d479c96e3fe62cc1c6bddc0b51335c2ed3f83e85c683e8"
"teams 채팅 데이터\Teams - WA 마케팅&기획 - 2026-07-27 - 230017.md","4835","2026-07-28 08:00:18","0461fbb238e958f483bba8c09291afc178181eda6085286712d507261a17b0a1"
"teams 채팅 데이터\Teams - WA 마케팅&기획 - 2026-07-28 - 230013.md","4835","2026-07-29 08:00:15","c3121eb23c69c56742e8d27341bfefcc5be1c9b7743e95d35ef7cf59997fa9ab"
"teams 채팅 데이터\Teams - WA 마케팅&기획 - 2026-07-29 - 230018.md","3412","2026-07-30 08:00:19","dd06da7c66b7cad56e85ab7156fd5b5344ee14c1020b4a6baf32db2af98035c0"
"teams 채팅 데이터\Teams - WA 마케팅&기획 - 2026-07-30 - 230011.md","2286","2026-07-31 08:00:13","6a3ae027eccca3019c1be0fcac3432bdcb4d8421e4ece0baa78881b4653870e4"
"teams 채팅 데이터\Teams - WA 마케팅&기획 - 2026-07-31 - 230012.md","1774","2026-08-01 08:00:13","8bcaeb63af049c669d870c15259add0b625a1561be0b173b36091615a57f28df"
"teams 채팅 데이터\Teams - WA 마케팅&기획 - 2026-08-01 - 230013.md","1774","2026-08-02 08:00:14","f787e75a68ef3e5bf7d5bb597b4acf1c91f3c3df9b4fed17e9485dec787c58ca"
"teams 채팅 데이터\Teams - WA 마케팅&기획 - 2026-08-02 - 230010.md","1774","2026-08-03 08:00:14","19d969a77331d2c0f7ac90ed0386a1c958455fdcc7396ed464c16358e422c988"
"teams 채팅 데이터\Teams - WA 마케팅&기획 - 2026-08-03 - 230014.md","3251","2026-08-04 08:00:15","88cd018e1b94ff4c1cc546cdb9fcd61684687df83c910d0e842936e20d897c15"
"teams 채팅 데이터\Teams - WA 마케팅&기획 - 2026-08-04 - 230017.md","3251","2026-08-05 08:00:18","d7def42b11914e98c37510066aff22a55de0bab7e86d724d8c283b685384883e"
"teams 채팅 데이터\Teams - WA 마케팅&기획 - 2026-08-05 - 230017.md","6123","2026-08-06 08:00:18","f20abf6627a4fc4e1499fdc801ee8eb2be565cde11393597d7cb16b747415074"
"teams 채팅 데이터\Teams - WA 마케팅&기획 - 2026-08-06 - 230017.md","7088","2026-08-07 08:00:18","9b214d146de1a9cd34ab951e9f5752bb811b62dad6f4a6e241121ec61f2de738"
"teams 채팅 데이터\Teams - WA 마케팅&기획 - 2026-08-07 - 230024.md","12812","2026-08-08 08:00:25","3f7160cc4c7155a5df7821228c36fbcce38c1a948bafd5134929ed42d2a27890"
"teams 채팅 데이터\Teams - WA 마케팅&기획 - 2026-08-08 - 230019.md","12812","2026-08-09 08:00:22","414cc5decec7ae0a3bcbff737b1e3293a949c9ef65bd0ea953eb7e5e10309be4"
"teams 채팅 데이터\Teams - WA 마케팅&기획 - 2026-08-09 - 230023.md","12812","2026-08-10 08:00:25","ea416961814db2a62556d139201b9a113f1646b657740e7cf1e893a96b5428f2"
"teams 채팅 데이터\Teams - WA 마케팅&기획 - 2026-08-10 - 230019.md","12587","2026-08-11 08:00:20","a29a79a1d76d4a26eae514723ab1409bbaacb584e87bcc3a6877810bf7d350df"
"teams 채팅 데이터\Teams - WA 마케팅&기획 - 2026-08-11 - 230021.md","13176","2026-08-12 08:00:21","009feb2c51d7faf1cf5725ebb44e487604bf145f96f7c6201effe654d9a6a89d"
"teams 채팅 데이터\Teams - WA 마케팅&기획 - 2026-08-12 - 230025.md","13403","2026-08-13 08:00:26","911e8785e8b8551f7f05536fda5bb3cf738b779912344a6c16221bb37a8809e3"
"teams 채팅 데이터\Teams - WA 마케팅&기획 - 2026-08-13 - 230021.md","13281","2026-08-14 08:00:22","d527e03000bb5c12b38c9b38de606654807e00ccd1f4cadc9cef87bba7752693"
"teams 채팅 데이터\Teams - WA 마케팅&기획 - 2026-08-14 - 230016.md","7765","2026-08-15 08:00:17","e5a193264677d3001914271cebc00f7aad60eead227faf528184e5985354e62c"
"teams 채팅 데이터\Teams - WA 마케팅&기획 - 2026-08-15 - 230017.md","7765","2026-08-16 08:00:18","2309f3b0ff36a76f7dd606eb6a7d3bddbd3c700061ba1c32f7a8aed18f340cdf"
"teams 채팅 데이터\Teams - WA 마케팅&기획 - 2026-08-16 - 230019.md","7765","2026-08-17 08:00:20","b9fcf78d822beba9701426a1122c03ee5924c4c09eb80771892a439ad6793210"
"teams 채팅 데이터\Teams - WA 마케팅&기획 - 2026-08-17 - 230019.md","6876","2026-08-18 08:00:22","e583eba365fe8286ba9a89e321f28d2e991d419269f2ca80d81830a718096a52"
"teams 채팅 데이터\Teams - WA 마케팅&기획 - 2026-08-18 - 230042.md","8930","2026-08-19 08:00:43","bba9bfc51ff649593fdc02efb80c3a6d45a23b98725f573c028257d6870e2f03"
"teams 채팅 데이터\Teams - WA 마케팅&기획 - 2026-08-19 - 230016.md","3503","2026-08-20 08:00:17","50460c67d56951644183b114a39b84f48e1e3f84ff47491e46efbbc6d591b5f8"
"teams 채팅 데이터\Teams - WA 마케팅&기획 - 2026-08-20 - 230016.md","2889","2026-08-21 08:00:19","b0bdabbbedcff969010785d8d29d9e1f6dfef5f287ac6fb33d549fb163e491ee"
"teams 채팅 데이터\Teams - WA 마케팅&기획 - 2026-08-21 - 230030.md","3483","2026-08-22 08:00:31","2833bdef56625b7bb3869a69435013b4311c9a20486884ecf6b1a71a29edc9f9"
"teams 채팅 데이터\Teams - WA 마케팅&기획 - 2026-08-22 - 230017.md","3483","2026-08-23 08:00:18","a74b00da197b32146624be61f25b7e3c4d0ec899881dd4a875c1627471042d17"
"teams 채팅 데이터\Teams - WA 마케팅&기획 - 2026-08-23 - 230029.md","3483","2026-08-24 08:00:30","b3efbad0d53fbfbee3ca6414ef98c8ee65cb69eba7d01114ecc2b02eca67c1fe"
"teams 채팅 데이터\Teams - WA 마케팅&기획 - 2026-08-24 - 230019.md","5871","2026-08-25 08:00:19","81b55ff51d25e72ea4bb4fd9179e1d505118b6d24734645438875d29ed22b970"
"teams 채팅 데이터\Teams - WA 마케팅&기획 - 2026-08-25 - 230018.md","4067","2026-08-26 08:00:19","d301aeadb8df35283b562770a7d410d963dcc4ec7028e9a6c7d77d6cb13eb392"
"teams 채팅 데이터\Teams - WA 마케팅&기획 - 2026-08-26 - 230018.md","4067","2026-08-27 08:00:19","be30b006be7037bac3c5b9232262aed996dcb6172a9d4f2c3bd1fda529a8fae6"
"teams 채팅 데이터\Teams - WA 마케팅&기획 - 2026-08-27 - 230024.md","11654","2026-08-28 08:00:25","cd5ffd4f0c20ff13baec6bf4653edb64919c81e1cb16ad4c6638d49b3d10e547"
"teams 채팅 데이터\Teams - WA 마케팅&기획 - 2026-08-28 - 230024.md","12583","2026-08-29 08:00:25","dc11b1fc02df5d10eeb584265299b751f9b6729de3041a27ad01fddada369912"
"teams 채팅 데이터\Teams - WA 마케팅&기획 - 2026-08-29 - 230024.md","12583","2026-08-30 08:00:24","9b53f9d9308fa22157135b5161382f580fdd4287950439ea36bd0105e4348588"
"teams 채팅 데이터\Teams - WA 마케팅&기획 - 2026-08-30 - 230027.md","12583","2026-08-31 08:00:28","e663aebafe6c9060123e47aa58d1af174c98f589d5de2666f399939dc0091ab2"
"teams 채팅 데이터\Teams - WA 마케팅&기획 - 2026-08-31 - 230023.md","11262","2026-09-01 08:00:24","5d78f313f796d17c1e9abfa1adc5012bba3e4f1469d1fb45decc5b1c1c0db5c0"
"teams 채팅 데이터\Teams - WA 마케팅&기획 - 2026-09-01 - 230023.md","11163","2026-09-02 08:00:24","8f1a9675b4336940ebcfead811f37cf334c9fe89f078c3b54334c3fc377d2710"
"teams 채팅 데이터\Teams - WA 마케팅&기획 - 2026-09-02 - 230026.md","11163","2026-09-03 08:00:27","11392fda305db1966b8d56c3668097c4c2dc417a370ef0c84110e4c2e8a43ecf"
"teams 채팅 데이터\Teams - 기획+디자인+소싱 - 2026-08-23 - 004213.md","3738","2026-08-24 09:42:14","3c5e5eceb7936de5be83ff411c0326d3f4332e5b47095e8edeb1a18e5fd5ebe6"
"teams 채팅 데이터\Teams - 기획+디자인+소싱 - 2026-08-24 - 230014.md","5026","2026-08-25 08:00:16","69b5da398130ef14775560441a0d6c837d0739eeb8404d73e853937f22bfa04d"
"teams 채팅 데이터\Teams - 기획+디자인+소싱 - 2026-08-25 - 230015.md","10092","2026-08-26 08:00:17","eba90acaf5a9cecff7b6687981a0d731f29708b2911492b0fdaa930ba7f14a31"
"teams 채팅 데이터\Teams - 기획+디자인+소싱 - 2026-08-26 - 230018.md","14954","2026-08-27 08:00:19","ac068b4a7fcb9412b9f31644ab4799f787a2224908b12d7d385b776ffd25dfbc"
"teams 채팅 데이터\Teams - 기획+디자인+소싱 - 2026-08-27 - 230020.md","19713","2026-08-28 08:00:22","e9618a22a461883acf835351a59cf74662e5d4963969af6aca267eea05ea0898"
"teams 채팅 데이터\Teams - 기획+디자인+소싱 - 2026-08-28 - 230018.md","17840","2026-08-29 08:00:20","5302ff17d7aededcc468b0709fb361355cae23596ad5c104825d4e85851f6d64"
"teams 채팅 데이터\Teams - 기획+디자인+소싱 - 2026-08-29 - 230019.md","17840","2026-08-30 08:00:20","6d54860fccbf7fe02a39070583e443162a77e7d809e9dfd3cc8f36bfaced1f71"
"teams 채팅 데이터\Teams - 기획+디자인+소싱 - 2026-08-30 - 230022.md","17840","2026-08-31 08:00:22","5a1984d454d6a13a155ffbbfaf7a44f27b919d70ad04d962c6a278537e2cc0a5"
"teams 채팅 데이터\Teams - 기획+디자인+소싱 - 2026-08-31 - 230020.md","20882","2026-09-01 08:00:21","943a993f2b1719fed8d0602aca55a534be49de12260213d20b20c8aa2ab65c39"
"teams 채팅 데이터\Teams - 기획+디자인+소싱 - 2026-09-01 - 230023.md","21102","2026-09-02 08:00:25","ce8df057baeeba6510be255fee02f92debd5941cb3292b3d687a3dc771270154"
"teams 채팅 데이터\Teams - 기획+디자인+소싱 - 2026-09-02 - 230020.md","16240","2026-09-03 08:00:21","0c3fa8a7ebf70e11b15a711e36c620f3144d5a7e31f00608133712387eaaf9ad"
"teams 채팅 데이터\Teams - 와키 기획팀 실무 - 2026-07-27 - 080044.md","5436","2026-07-28 08:00:45","e5c023618c14a825280ed1e5ce88ae96822e72053cc81caea53e20bf1a7a769f"
"teams 채팅 데이터\Teams - 와키 기획팀 실무 - 2026-07-28 - 080024.md","5582","2026-07-29 08:00:25","6722a278652218fbe05f64d7b56ebe55cb9696be1730e912cd9e92ed615a8245"
"teams 채팅 데이터\Teams - 와키 기획팀 실무 - 2026-07-29 - 080021.md","7956","2026-07-30 08:00:22","b54fa58fecd51775bfc16edbe14ce491020e3eda51f7e44bd7a81e893fd3862b"
"teams 채팅 데이터\Teams - 와키 기획팀 실무 - 2026-07-30 - 080040.md","8886","2026-07-31 08:00:40","8fb8d3a1ce823a8a8658f44606383bd1a2063b49b72fc48bdc74c29a8943fa84"
"teams 채팅 데이터\Teams - 와키 기획팀 실무 - 2026-07-31 - 080020.md","8886","2026-08-01 08:00:21","6dc1d8afe29ba3abe7e8eb8086238f3fff7d1c309547489edd616e581b25254f"
"teams 채팅 데이터\Teams - 와키 기획팀 실무 - 2026-08-01 - 080020.md","8886","2026-08-02 08:00:21","05fa4ab3acb57d79ed036cc7840546427e9d528f13750206a220c65f0dcb0fb6"
"teams 채팅 데이터\Teams - 와키 기획팀 실무 - 2026-08-02 - 080020.md","8886","2026-08-03 08:00:21","42a0d4546f4ccda94e840195539d55174fb820fabc752680008c56f3a0f57ce9"
"teams 채팅 데이터\Teams - 와키 기획팀 실무 - 2026-08-03 - 080049.md","5202","2026-08-04 08:00:50","c963ece229d690698d42e01f4176716d41d5a9888b6ebec6b3220f3c9eee01fe"
"teams 채팅 데이터\Teams - 와키 기획팀 실무 - 2026-08-04 - 080027.md","5126","2026-08-05 08:00:28","a64ceea72c3882d0de263b35f99bbf7a2fe4c28863e4e50dd6f63667ec44d815"
"teams 채팅 데이터\Teams - 와키 기획팀 실무 - 2026-08-05 - 080044.md","6926","2026-08-06 08:00:45","add4ac4396b5ad9a719a5e01555e1adf4f8fd24994073d34e3c9dde56e915910"
"teams 채팅 데이터\Teams - 와키 기획팀 실무 - 2026-08-06 - 080026.md","6972","2026-08-07 08:00:27","6d6e6f53c342cea228daa4be437d86c5e1673b81c0872f7de354622d1ac74583"
"teams 채팅 데이터\Teams - 와키 기획팀 실무 - 2026-08-07 - 080039.md","5244","2026-08-08 08:00:40","bae5554b0a5bbb667a3ad5a50594df3f70de79c5666ed508008104d56d1e8b27"
"teams 채팅 데이터\Teams - 와키 기획팀 실무 - 2026-08-08 - 080034.md","5244","2026-08-09 08:00:36","5ce5534edd9036f6cecd0152b3a527abbc7845a87e46d6435baec4ea2f0748bd"
"teams 채팅 데이터\Teams - 와키 기획팀 실무 - 2026-08-09 - 080044.md","5244","2026-08-10 08:00:45","778e748ff9016c45f5005e997629e1e3c1c6397292c65dc666f09f66ea25c626"
"teams 채팅 데이터\Teams - 와키 기획팀 실무 - 2026-08-10 - 080022.md","6246","2026-08-11 08:00:23","f3b4fd21dcdc657a7388bdb0d3896b0e0d09f479fd533575595d1fa794bdf4d2"
"teams 채팅 데이터\Teams - 와키 기획팀 실무 - 2026-08-11 - 080018.md","4562","2026-08-12 08:00:19","43d5fe6b1c344becc652ab8230c39eb4e12aa55974f0d8cd3809ad4042a7bd8c"
"teams 채팅 데이터\Teams - 와키 기획팀 실무 - 2026-08-12 - 080026.md","7092","2026-08-13 08:00:27","03848c7763ebd104388fe918f32ca4168ae91889d055624a3bfcbcc208d13b7d"
"teams 채팅 데이터\Teams - 와키 기획팀 실무 - 2026-08-13 - 080031.md","6337","2026-08-14 08:00:31","35708eef3687b539c79cb0a8392995ed74ab49064c74d54d3b536b6dfb656888"
"teams 채팅 데이터\Teams - 와키 기획팀 실무 - 2026-08-14 - 080019.md","6349","2026-08-15 08:00:20","67ac5b1c1216ce982e18a023f2ac710d6f9875f905c6eec9e445e6c39833b273"
"teams 채팅 데이터\Teams - 와키 기획팀 실무 - 2026-08-15 - 080021.md","6349","2026-08-16 08:00:22","3b37e9364da73fa0d9a7b11ba1baf729f57a18d458b45e4db18fc65d401b497b"
"teams 채팅 데이터\Teams - 와키 기획팀 실무 - 2026-08-16 - 080023.md","6349","2026-08-17 08:00:24","d9e71f22eaf4f1cb9d161232974f4f181cf06ec0f786b3d54bfcaa2a9f34780a"
"teams 채팅 데이터\Teams - 와키 기획팀 실무 - 2026-08-17 - 080039.md","6349","2026-08-18 08:00:40","c4d0650497b40b2b9a56c9eaad9ef4d3f78b0d0e2c6a40d5dcf6104b75c46d11"
"teams 채팅 데이터\Teams - 와키 기획팀 실무 - 2026-08-18 - 080022.md","29065","2026-08-19 08:00:24","31290ab6664bdb064fa5d98f2fa47289b32e9778e0d9bb8cba35f7320b2725d9"
"teams 채팅 데이터\Teams - 와키 기획팀 실무 - 2026-08-19 - 080022.md","7522","2026-08-20 08:00:23","ca4369e96dee48033e60db2de4978d53ae303889533a7cfa9373132d2bfabab4"
"teams 채팅 데이터\Teams - 와키 기획팀 실무 - 2026-08-20 - 080027.md","8331","2026-08-21 08:00:28","4a7340bca0cee277f273f7c2c49359f3566fd0952ff62c11ba0527b977858682"
"teams 채팅 데이터\Teams - 와키 기획팀 실무 - 2026-08-21 - 080023.md","6125","2026-08-22 08:00:24","46a93a7381cb80de97f9ae5dc19cf7b41af7af04780819c633cc5087a63ff70f"
"teams 채팅 데이터\Teams - 와키 기획팀 실무 - 2026-08-22 - 080028.md","6125","2026-08-23 08:00:29","902059d646263cc59e035ad2b25d1f30198e829ba3bd082f108bed1d6a556332"
"teams 채팅 데이터\Teams - 와키 기획팀 실무 - 2026-08-23 - 080019.md","6125","2026-08-24 08:00:20","935e01c0d46a4af5c0e97b41ccc230fa4e08e3f3196891273207db4f2a542180"
"teams 채팅 데이터\Teams - 와키 기획팀 실무 - 2026-08-24 - 080041.md","25676","2026-08-25 08:00:43","adeca18b9a9a825c48d47a8bceab52d39df4063789fab74d99ff78ca819996c9"
"teams 채팅 데이터\Teams - 와키 기획팀 실무 - 2026-08-25 - 080028.md","26366","2026-08-26 08:00:29","0c41dd86691250cb5dc0fd73efe6b598b3c8f5dcfc6fb7af36ca3cb752289c93"
"teams 채팅 데이터\Teams - 와키 기획팀 실무 - 2026-08-26 - 080020.md","5930","2026-08-27 08:00:21","3152d5dfc024f1bf1cb406e87af89570902dab4b3e8a8fc76c9ba133c5bc4e12"
"teams 채팅 데이터\Teams - 와키 기획팀 실무 - 2026-08-27 - 080021.md","5523","2026-08-28 08:00:22","d725dd1cb39e0a5b133ebafccadf0f2306339cec8580bc2974f80057dee291b6"
"teams 채팅 데이터\Teams - 와키 기획팀 실무 - 2026-08-28 - 080022.md","5863","2026-08-29 08:00:23","46040a7eee4d8bd1cc02dc586baa9eb7f0d9bf978cdbd173ff4559f0c4d77d06"
"teams 채팅 데이터\Teams - 와키 기획팀 실무 - 2026-08-29 - 080023.md","5863","2026-08-30 08:00:23","a2fd5b9ca1ed2b34fd29b89090e86632a29174d6b308c61340c62a5855f86ac0"
"teams 채팅 데이터\Teams - 와키 기획팀 실무 - 2026-08-30 - 080021.md","5863","2026-08-31 08:00:22","4ace08e8c1fd94db0d966450b2fa09f6f38064c3278f2b7ad1f594c51dfe71e1"
"teams 채팅 데이터\Teams - 와키 기획팀 실무 - 2026-08-31 - 080023.md","7582","2026-09-01 08:00:24","78509f53046077f0c6f10f0e169717a6bbcb983c9d7e48f064213188706570f9"
"teams 채팅 데이터\Teams - 와키 기획팀 실무 - 2026-09-01 - 080018.md","5448","2026-09-02 08:00:19","f35b03e420397dd362c3fc5abe947c8ae680a8a5d3f958eec15a329e9bd8222f"
"teams 채팅 데이터\Teams - 와키 기획팀 실무 - 2026-09-02 - 080022.md","9071","2026-09-03 08:00:25","7fb320af00b82db8487d8d007bc21b7a94e8598b94dde790bd61793d66b37afe"
"teams 채팅 데이터\Teams - 와키 어패럴 기획팀 - 2026-08-03 - 134655.md","11270","2026-08-04 13:46:56","de34f53349ffc9e750079c5cef49ddb4557fd906e0e628f7e85f5f65dcb2dbd6"
"teams 채팅 데이터\Teams - 와키 어패럴 기획팀 - 2026-08-04 - 080055.md","11508","2026-08-05 08:00:56","092af3f7fa528ef90f399ed5c678593a8148faaeff6bdf7bf0e5400dd133f94a"
"teams 채팅 데이터\Teams - 와키 어패럴 기획팀 - 2026-08-05 - 080110.md","16676","2026-08-06 08:01:12","bb811f4d909bd8ba4faae2b625c333d4091884115bb3bdda9b5dd44f13914511"
"teams 채팅 데이터\Teams - 와키 어패럴 기획팀 - 2026-08-06 - 080055.md","15974","2026-08-07 08:00:56","0aa612652a462db284a5c87d87b4fccf02d6c694f95bb55aa98ac314aa7fa6e4"
"teams 채팅 데이터\Teams - 와키 어패럴 기획팀 - 2026-08-07 - 080058.md","22655","2026-08-08 08:00:59","a48f76ac639748b93aea4eec8975d1e40d8432a5ee80951ca999f3cb8648c465"
"teams 채팅 데이터\Teams - 와키 어패럴 기획팀 - 2026-08-08 - 080113.md","22655","2026-08-09 08:01:14","b9565562ca764ef55db58d8548b64db99812a1e1e3e42f9badaab171df64e052"
"teams 채팅 데이터\Teams - 와키 어패럴 기획팀 - 2026-08-09 - 080054.md","22655","2026-08-10 08:00:55","5ce3da02f30bfd7924cb1b85fd48f9cbbbf3e6339e89bacb65afa51bb65421f3"
"teams 채팅 데이터\Teams - 와키 어패럴 기획팀 - 2026-08-10 - 080053.md","57694","2026-08-11 08:00:54","c111fa65f98580299c7de5946e8218ad2224b303961d1d4bb6ad5f3047c21220"
"teams 채팅 데이터\Teams - 와키 어패럴 기획팀 - 2026-08-11 - 080114.md","54213","2026-08-12 08:01:16","f61506e57299fffde408310898de26750d34f787c9467b009e84eba0d20a49e9"
"teams 채팅 데이터\Teams - 와키 어패럴 기획팀 - 2026-08-12 - 080057.md","54332","2026-08-13 08:00:58","73c7c8df8bd7d4f9879baa972019814e55a5dc77bd950adcccd34f4ab085c460"
"teams 채팅 데이터\Teams - 와키 어패럴 기획팀 - 2026-08-13 - 080055.md","18552","2026-08-14 08:00:56","a58f3a91338a18c55d6443ac6d10016e8988cfe7b59cddf188553f8b8b0e0f9a"
"teams 채팅 데이터\Teams - 와키 어패럴 기획팀 - 2026-08-14 - 080056.md","9952","2026-08-15 08:00:57","d83633b95ee0bed74dac17ebb3072c016dae52f90390cc906aae99e0be1f5e66"
"teams 채팅 데이터\Teams - 와키 어패럴 기획팀 - 2026-08-15 - 080055.md","9952","2026-08-16 08:00:56","f07e596e85b324cb71a9d9c7e79a45e04271e6f1eb06872c6708fa3d75f0f7e8"
"teams 채팅 데이터\Teams - 와키 어패럴 기획팀 - 2026-08-16 - 080058.md","9952","2026-08-17 08:00:59","83cdac31ce373e602e2b36d30becd148c08a07e2b43ae6510f90f0638a7b1b4f"
"teams 채팅 데이터\Teams - 와키 어패럴 기획팀 - 2026-08-17 - 080054.md","9952","2026-08-18 08:00:55","5b86ac6ff8eb24731c642b6c98eb17fc5c740f79a1a98d63b9865502cf5ef0db"
"teams 채팅 데이터\Teams - 와키 어패럴 기획팀 - 2026-08-18 - 080057.md","20386","2026-08-19 08:00:58","5763df3122d299547bf846bb0c09998dd032a100ba2e18657d7dbca68ed4fb85"
"teams 채팅 데이터\Teams - 와키 어패럴 기획팀 - 2026-08-19 - 080101.md","22572","2026-08-20 08:01:02","daddfb6653bc1bc2d28b07f3ab81f7b32d5dbf9350fc1865d611ff38b1db65f9"
"teams 채팅 데이터\Teams - 와키 어패럴 기획팀 - 2026-08-20 - 080101.md","19920","2026-08-21 08:01:02","47a89eb28efc66747ce8983fe2c0e0f0edffa1051e6c1676642aee4ac1865c03"
"teams 채팅 데이터\Teams - 와키 어패럴 기획팀 - 2026-08-21 - 080111.md","18205","2026-08-22 08:01:12","bac10972748dad9ae1c34be159926b3accd277cb113b718a25865a42b529df74"
"teams 채팅 데이터\Teams - 와키 어패럴 기획팀 - 2026-08-22 - 080055.md","18205","2026-08-23 08:00:56","9847cee855c4015e655ec1af7fed28d70799267405f9dab4d3ba06af6c6554cb"
"teams 채팅 데이터\Teams - 와키 어패럴 기획팀 - 2026-08-23 - 080055.md","18205","2026-08-24 08:00:56","63bf605f963ecf033240458919341bd45c48d3431c530d0d490fed6802103f11"
"teams 채팅 데이터\Teams - 와키 어패럴 기획팀 - 2026-08-24 - 080054.md","36565","2026-08-25 08:00:56","7c194e9afb831e9c2aeb1e0498b33f2658ac117f2d96edd8abcf488edaf9b466"
"teams 채팅 데이터\Teams - 와키 어패럴 기획팀 - 2026-08-25 - 080056.md","34548","2026-08-26 08:00:57","a8395004257be1421525cb0b84b267eb8fad6505f0cf36795e52895a1963d7fb"
"teams 채팅 데이터\Teams - 와키 어패럴 기획팀 - 2026-08-26 - 080055.md","32314","2026-08-27 08:00:55","6dd750a54c198562f0755d68ccc9a3e4483440fc0225bb4b5c3f218d1b19a5b7"
"teams 채팅 데이터\Teams - 와키 어패럴 기획팀 - 2026-08-27 - 080055.md","32998","2026-08-28 08:00:56","390a42cbc036019529ee2329423cc49463f2da3b524e032cd1201dd0f8ece9bd"
"teams 채팅 데이터\Teams - 와키 어패럴 기획팀 - 2026-08-28 - 080055.md","30896","2026-08-29 08:00:56","9da4fad9dcfba29f3d1d70a7d0101d2d1a4f99e5a3e9be0ea723c408c00b79fe"
"teams 채팅 데이터\Teams - 와키 어패럴 기획팀 - 2026-08-29 - 080053.md","30896","2026-08-30 08:00:54","be8b754ccafdea0cdcba3e4c2734fbb3525b458ec617d782cd392e73a2953f91"
"teams 채팅 데이터\Teams - 와키 어패럴 기획팀 - 2026-08-30 - 080054.md","30896","2026-08-31 08:00:54","4cd28ec070e257d3ddfb40f024ae94b3b3ce3cc36186d38d0ce3bd93a33d029a"
"teams 채팅 데이터\Teams - 와키 어패럴 기획팀 - 2026-08-31 - 080055.md","23084","2026-09-01 08:00:56","10fdf8b107a856246f74a8c9f78e1161791b1b9c75f7f62e78e3802d9cea432d"
"teams 채팅 데이터\Teams - 와키 어패럴 기획팀 - 2026-09-01 - 080059.md","25336","2026-09-02 08:01:00","22d38cfddb99538b99f917cbd9fc20b458da8ac9afa706055a335e8eb6ec828f"
"teams 채팅 데이터\Teams - 와키 어패럴 기획팀 - 2026-09-02 - 080056.md","29885","2026-09-03 08:00:57","1338c5d7bf82e143c7dddb47fabe1a30973503a3d17f484b01a0cb135242838a"
"teams 채팅 데이터\Teams - 와키윌리 글로벌 (기획+소싱) - 2026-07-27 - 230023.md","24334","2026-07-28 08:00:24","5ee400f41b64f87b6d5872675f889b5f6e0a38dc460c904189169c8da4cdbcd2"
"teams 채팅 데이터\Teams - 와키윌리 글로벌 (기획+소싱) - 2026-07-28 - 230017.md","22385","2026-07-29 08:00:18","7ec7093ea1e4b889df18b3232616b67829e77c3eb6c922e97b911c7a514e8a69"
"teams 채팅 데이터\Teams - 와키윌리 글로벌 (기획+소싱) - 2026-07-29 - 230016.md","14505","2026-07-30 08:00:18","f5a6875d2ab875625cf6eaf2bc020bcb80d3a51790a0f9bbb38c71974306743f"
"teams 채팅 데이터\Teams - 와키윌리 글로벌 (기획+소싱) - 2026-07-30 - 230014.md","12188","2026-07-31 08:00:18","86f91d3ea5a08401366e80f19b840330b622d882072dff8132497fbee40e9916"
"teams 채팅 데이터\Teams - 와키윌리 글로벌 (기획+소싱) - 2026-07-31 - 230014.md","11263","2026-08-01 08:00:16","c21d73c0f673188af4f39cac8f4dcd1a91f96bf335c547af50c4564f3d96bd5d"
"teams 채팅 데이터\Teams - 와키윌리 글로벌 (기획+소싱) - 2026-08-01 - 230018.md","11263","2026-08-02 08:00:19","ba22567edbe5c0d2c4d7c4a9a0d9be7b1e2fbad5d7de06aba73949f32d58bd7a"
"teams 채팅 데이터\Teams - 와키윌리 글로벌 (기획+소싱) - 2026-08-02 - 230021.md","11263","2026-08-03 08:00:22","d18a710038ca69e9d4fe94a273b1f0ddb24fe635ba3dd41bdae829ef71ee4763"
"teams 채팅 데이터\Teams - 와키윌리 글로벌 (기획+소싱) - 2026-08-03 - 230013.md","6553","2026-08-04 08:00:14","7c3a1e5147de46368d30810b32f9dd46363654821c720a4f76b29c9f6dad6390"
"teams 채팅 데이터\Teams - 와키윌리 글로벌 (기획+소싱) - 2026-08-04 - 230021.md","7178","2026-08-05 08:00:23","e9812095d6d224d85c6493bee68cfc917ebe2ec6b9658fc3560756a9d15a9696"
"teams 채팅 데이터\Teams - 와키윌리 글로벌 (기획+소싱) - 2026-08-05 - 230024.md","9447","2026-08-06 08:00:25","95e4b6846992d48b91e314c82ae7bff1559a5815190b895660dab26ad07186bf"
"teams 채팅 데이터\Teams - 와키윌리 글로벌 (기획+소싱) - 2026-08-06 - 230017.md","9252","2026-08-07 08:00:18","5ad235c24bf7f43da70347d14f58e876f678591f7a1a1ef9ec0d96632e1d1ae3"
"teams 채팅 데이터\Teams - 와키윌리 글로벌 (기획+소싱) - 2026-08-07 - 230015.md","8325","2026-08-08 08:00:16","1260d8ed8b1df16ee5a71619dbf32bf334b5bd8abf9e243d599ebebf2657fe48"
"teams 채팅 데이터\Teams - 와키윌리 글로벌 (기획+소싱) - 2026-08-08 - 230012.md","8325","2026-08-09 08:00:14","bd651b9ff7b550e63677fbadc9bb8fa76015d0b6c0b8ce14dd3c000fa877acc1"
"teams 채팅 데이터\Teams - 와키윌리 글로벌 (기획+소싱) - 2026-08-09 - 230027.md","8325","2026-08-10 08:00:28","da834d5b05407975f4d6182673195d56763998fbd88ce0b2b004cceb7999b310"
"teams 채팅 데이터\Teams - 와키윌리 글로벌 (기획+소싱) - 2026-08-10 - 230014.md","7164","2026-08-11 08:00:15","9f5936483adb833757b3fb3c66499032cfa134fa9f6e9da2a4a1cc1dd5d6579b"
"teams 채팅 데이터\Teams - 와키윌리 글로벌 (기획+소싱) - 2026-08-11 - 230012.md","5694","2026-08-12 08:00:13","744f3ecf8290f927546ba57184df589936225bd67bb2f5650ef1e6b8ee19510d"
"teams 채팅 데이터\Teams - 와키윌리 글로벌 (기획+소싱) - 2026-08-12 - 230017.md","3692","2026-08-13 08:00:19","06b77220bb8fe6be270b9365265c2a8d9fe73dc850971234c5bbfd901fe4d37b"
"teams 채팅 데이터\Teams - 와키윌리 글로벌 (기획+소싱) - 2026-08-13 - 230012.md","4348","2026-08-14 08:00:15","daaca0005b5e23c15ec9b7f8006d502154cd37574046cd8898012d62b68caefd"
"teams 채팅 데이터\Teams - 와키윌리 글로벌 (기획+소싱) - 2026-08-14 - 230011.md","4978","2026-08-15 08:00:14","4b7d10c84731e5bc1b2d15be8127ac35d81bf218b795c8168f50da6ceee7a115"
"teams 채팅 데이터\Teams - 와키윌리 글로벌 (기획+소싱) - 2026-08-15 - 230015.md","4978","2026-08-16 08:00:16","070037262557ded3f105ae51c723a24b799586a5fd8c39f2a7d265baba84f35d"
"teams 채팅 데이터\Teams - 와키윌리 글로벌 (기획+소싱) - 2026-08-16 - 230017.md","4978","2026-08-17 08:00:19","db44de4926445516aee7e77f39cf3104901ea6bcff08964eafe7c2eea36ff26e"
"teams 채팅 데이터\Teams - 와키윌리 글로벌 (기획+소싱) - 2026-08-17 - 230019.md","4090","2026-08-18 08:00:20","5bc2bb6b1bcdb1d89beeece274bb50f2e04a17e59130733b10854c9bdb6827e0"
"teams 채팅 데이터\Teams - 와키윌리 글로벌 (기획+소싱) - 2026-08-18 - 230021.md","11587","2026-08-19 08:00:22","81081ef12de987e0f8d058520325b952a7cd09467725002966d9c25229b5f482"
"teams 채팅 데이터\Teams - 와키윌리 글로벌 (기획+소싱) - 2026-08-19 - 230014.md","10440","2026-08-20 08:00:15","7735ad43d93d4f9406179e2550b560a147d10ec8fa69ebe75bc6764195363533"
"teams 채팅 데이터\Teams - 와키윌리 글로벌 (기획+소싱) - 2026-08-20 - 230029.md","12401","2026-08-21 08:00:30","5571eff49929b0d40f8c1df3db00c7e6e02fcc1583458f550844ec4b25722e8d"
"teams 채팅 데이터\Teams - 와키윌리 글로벌 (기획+소싱) - 2026-08-21 - 230034.md","14765","2026-08-22 08:00:34","055b54aa0fbae9f68d973f173edeeff232d55356948bc27f0718a72eebbcd998"
"teams 채팅 데이터\Teams - 와키윌리 글로벌 (기획+소싱) - 2026-08-22 - 230018.md","14765","2026-08-23 08:00:19","c447acb7dceadf976a8c84b67f728ba255c4fad84fa9b3defd5eae707113c12b"
"teams 채팅 데이터\Teams - 와키윌리 글로벌 (기획+소싱) - 2026-08-23 - 230021.md","14765","2026-08-24 08:00:22","cb9f6dcc528d90c2d2d85db79da04d30ce8cfd711febf6862f46e81b60f74773"
"teams 채팅 데이터\Teams - 와키윌리 글로벌 (기획+소싱) - 2026-08-24 - 230027.md","16242","2026-08-25 08:00:27","de9e078b0eda53eeb7683515fef9d91040b3d4aaf83cb767d6c4964fce9c10fd"
"teams 채팅 데이터\Teams - 와키윌리 글로벌 (기획+소싱) - 2026-08-25 - 230026.md","10616","2026-08-26 08:00:27","83f5062f09841374c1ebf1b63b553edbee9621a5e91033ca4d4413aa4e614d6b"
"teams 채팅 데이터\Teams - 와키윌리 글로벌 (기획+소싱) - 2026-08-26 - 230027.md","12442","2026-08-27 08:00:28","5312d99dc811ece8aa136e83724d3c7eecb90794469ecefca02df4020a80d550"
"teams 채팅 데이터\Teams - 와키윌리 글로벌 (기획+소싱) - 2026-08-27 - 230017.md","10808","2026-08-28 08:00:19","1dc06ea69fe7d2b7a59699cbbd607c70bfd0269553b26b6e49f3626d2a890161"
"teams 채팅 데이터\Teams - 와키윌리 글로벌 (기획+소싱) - 2026-08-28 - 230012.md","7814","2026-08-29 08:00:13","6290203fa7e80fb2715c735aa99804c6bdf6775ba80435f4a77a18c0a8bf5bda"
"teams 채팅 데이터\Teams - 와키윌리 글로벌 (기획+소싱) - 2026-08-29 - 230013.md","7814","2026-08-30 08:00:14","f05bbd9f07221b44de6a6d1eed8aecb5ad006a85bfeae0d7e83fe28fc98a3c1e"
"teams 채팅 데이터\Teams - 와키윌리 글로벌 (기획+소싱) - 2026-08-30 - 230019.md","7814","2026-08-31 08:00:20","31b10e97537c873391609ca35f99149f23c32fb5ea6e5ff36702a01dcc67f2ad"
"teams 채팅 데이터\Teams - 와키윌리 글로벌 (기획+소싱) - 2026-08-31 - 230011.md","6337","2026-09-01 08:00:12","9c17c479cacf4a17df02618aadf9ea6127c6249bd703e7530b95d52088af2866"
"teams 채팅 데이터\Teams - 와키윌리 글로벌 (기획+소싱) - 2026-09-01 - 230012.md","4113","2026-09-02 08:00:13","cbfa4c310e40ab325fd41a0306029713b1afb49a6362b7cb458117082047187c"
"teams 채팅 데이터\Teams - 와키윌리 글로벌 (기획+소싱) - 2026-09-02 - 230012.md","2287","2026-09-03 08:00:14","fec3b5bd905b5543d8e7fc8e0ed08f728bbbc3c93de9a2ec5c54b855ae4882e3"
"teams 채팅 데이터\Teams - 와키윌리 기획-소싱 - 2026-07-27 - 080107.md","11910","2026-07-28 08:01:07","27f6e8ea2a855021e636fa32063c8bacd7dd1b604f2186d4fef075df7dd2efcb"
"teams 채팅 데이터\Teams - 와키윌리 기획-소싱 - 2026-07-28 - 080109.md","14455","2026-07-29 08:01:10","6cc72a8fd09bcab0511619e73e6c8e6d60ab2cc3d1cc9ea6ec6f692b755295a2"
"teams 채팅 데이터\Teams - 와키윌리 기획-소싱 - 2026-07-29 - 080109.md","14122","2026-07-30 08:01:10","39b18da326ac2b6aa7ae1633fc674a609c6e2c2a9b3c03e50d57ba12e1b597e8"
"teams 채팅 데이터\Teams - 와키윌리 기획-소싱 - 2026-07-30 - 080110.md","12666","2026-07-31 08:01:11","f9c62223d087b7fcc4409a834dc0dd73e81e3c7ced93223f2c27c0f2ad157220"
"teams 채팅 데이터\Teams - 와키윌리 기획-소싱 - 2026-07-31 - 080111.md","16529","2026-08-01 08:01:11","f9d9a712b72ff0f590f77f8b24b7689a98fdb856c192ee07bfcf70b62d6933df"
"teams 채팅 데이터\Teams - 와키윌리 기획-소싱 - 2026-08-01 - 080109.md","16529","2026-08-02 08:01:09","322a3caf97079d3c51b6377a45b8b83a5d497438701c3df143b2d81c2028895f"
"teams 채팅 데이터\Teams - 와키윌리 기획-소싱 - 2026-08-02 - 080128.md","16529","2026-08-03 08:01:29","892a75996bb0d3662797f2ebd12f3b7c4da35f59eface709519e24cce8be58e6"
"teams 채팅 데이터\Teams - 와키윌리 기획-소싱 - 2026-08-03 - 080114.md","16645","2026-08-04 08:01:14","f910b92c878d619e6b724134124cdc37671b31c350e0f6a31d626d799d1ed2a8"
"teams 채팅 데이터\Teams - 와키윌리 기획-소싱 - 2026-08-04 - 080144.md","16581","2026-08-05 08:01:45","44f071fc459d6e2cf5d5456c1741580e9cc7506ed3842b8e32369e557694982b"
"teams 채팅 데이터\Teams - 와키윌리 기획-소싱 - 2026-08-05 - 080135.md","18119","2026-08-06 08:01:36","aad584553d2a9870965c1d8427ddd8a86ff229c081df35429aea6e6d87af13c9"
"teams 채팅 데이터\Teams - 와키윌리 기획-소싱 - 2026-08-06 - 080109.md","16525","2026-08-07 08:01:10","3032020ae50d12103979322b6ff32d970feb2c032e3ceb94d64305c370465d7d"
"teams 채팅 데이터\Teams - 와키윌리 기획-소싱 - 2026-08-07 - 080112.md","16624","2026-08-08 08:01:14","0298ccfc761dcd7ddd8a32459341b74315a3c8e7c4d50ad8a2ca0cac0f6b5b01"
"teams 채팅 데이터\Teams - 와키윌리 기획-소싱 - 2026-08-08 - 080108.md","16624","2026-08-09 08:01:09","93d2f8a81500b5ac266bec209577cd628085320e5eda50dff0c4508fe0b84412"
"teams 채팅 데이터\Teams - 와키윌리 기획-소싱 - 2026-08-09 - 080111.md","16624","2026-08-10 08:01:12","e4e5b35886b2b580bae2d45862575be1512ae972f1142ce023962090a1fb42a3"
"teams 채팅 데이터\Teams - 와키윌리 기획-소싱 - 2026-08-10 - 080109.md","14038","2026-08-11 08:01:10","16e18635425c38822a6e5ea1253b455c245b6b992347d9ba6404eb9de673a2f7"
"teams 채팅 데이터\Teams - 와키윌리 기획-소싱 - 2026-08-11 - 080111.md","13965","2026-08-12 08:01:12","b6c346486d59bf56d2df729cf379613f72d925c09968161f8b828e46b3690cfc"
"teams 채팅 데이터\Teams - 와키윌리 기획-소싱 - 2026-08-12 - 080109.md","13381","2026-08-13 08:01:10","a27828ed8b22185b7c40552dc0e24d07fafc20a02fd71792e10a1c1c1b8c6455"
"teams 채팅 데이터\Teams - 와키윌리 기획-소싱 - 2026-08-13 - 080107.md","13366","2026-08-14 08:01:09","20a4ca82f8030b13809437e27b09a7fcab4ee4ff2062b47cf8f07a3940239f5d"
"teams 채팅 데이터\Teams - 와키윌리 기획-소싱 - 2026-08-14 - 080108.md","11599","2026-08-15 08:01:08","8b626e4e0380f08f3547176e8e985a4058dcf45c41b866c4f770547526f78d69"
"teams 채팅 데이터\Teams - 와키윌리 기획-소싱 - 2026-08-15 - 080108.md","11599","2026-08-16 08:01:09","13acafcb79033daa85920236c2d6fe8770b19fcc9bd80f17b4266c333a48b7ae"
"teams 채팅 데이터\Teams - 와키윌리 기획-소싱 - 2026-08-16 - 080109.md","11599","2026-08-17 08:01:10","4699a40ba480084dbc9457556c6995689c18e9c8bd424243a772df8754a3a92a"
"teams 채팅 데이터\Teams - 와키윌리 기획-소싱 - 2026-08-17 - 080106.md","10598","2026-08-18 08:01:07","8bf9a138f2e1a3f57ca06c5e38c472cda2e4f61dd9758878a8597c8d584b4e5f"
"teams 채팅 데이터\Teams - 와키윌리 기획-소싱 - 2026-08-18 - 080108.md","15501","2026-08-19 08:01:09","c0683a9571f8dfc17a931a8bad7b58ef0aeca1e62a073cbe024b416527d9f126"
"teams 채팅 데이터\Teams - 와키윌리 기획-소싱 - 2026-08-19 - 080109.md","17957","2026-08-20 08:01:09","ab7101d28487c6e1b7b09abca52dece1ff7f52a9ad0ad73721dfe56e9ff1be1b"
"teams 채팅 데이터\Teams - 와키윌리 기획-소싱 - 2026-08-20 - 080120.md","19548","2026-08-21 08:01:21","d7a410fb3b4955a2b30b3dda7bd189a5dd4fe0c9ace3ad35690db9304bd960fa"
"teams 채팅 데이터\Teams - 와키윌리 기획-소싱 - 2026-08-21 - 080113.md","18964","2026-08-22 08:01:14","23fd5006d90c7d76b9c4330b70649aed39e45037aa4821806c0a934ba58ee74e"
"teams 채팅 데이터\Teams - 와키윌리 기획-소싱 - 2026-08-22 - 080110.md","18964","2026-08-23 08:01:12","ba81820f85db27a88d2b85beaa6a0d63ebd0532a7796c38b1be2f66df090abe4"
"teams 채팅 데이터\Teams - 와키윌리 기획-소싱 - 2026-08-23 - 080125.md","18964","2026-08-24 08:01:26","b394a58ba00d5239e49517babba2a2511150717b3599e218f196f5b862618583"
"teams 채팅 데이터\Teams - 와키윌리 기획-소싱 - 2026-08-24 - 080113.md","17080","2026-08-25 08:01:14","e39a785fc44a487b138a042605d578668e3ed40bb47f987b4a1428b79a5cb1ba"
"teams 채팅 데이터\Teams - 와키윌리 기획-소싱 - 2026-08-25 - 080111.md","11263","2026-08-26 08:01:12","8f7cd9704c170cb59f78573855650e6e4c2962b72109cb153e26287a260edfcf"
"teams 채팅 데이터\Teams - 와키윌리 기획-소싱 - 2026-08-26 - 080108.md","12055","2026-08-27 08:01:09","ce5518a462752f257318b3a53cdfe32a85e8ec543f4ab6c70b72ce2ac0a278dc"
"teams 채팅 데이터\Teams - 와키윌리 기획-소싱 - 2026-08-27 - 080110.md","11999","2026-08-28 08:01:10","233f09f1935fa9889594f288ea8a0f60c84539014b48d3c56d29a335bb4ddb85"
"teams 채팅 데이터\Teams - 와키윌리 기획-소싱 - 2026-08-28 - 080110.md","14131","2026-08-29 08:01:11","bae7f1de24bcff9a7957519380845089b6c976247724fb87e16673ad95b3c5b1"
"teams 채팅 데이터\Teams - 와키윌리 기획-소싱 - 2026-08-29 - 080110.md","14131","2026-08-30 08:01:11","86cf9bb6059fa7ea68f09d802d72aff17730f06115b95284c4af91fed2019fd3"
"teams 채팅 데이터\Teams - 와키윌리 기획-소싱 - 2026-08-30 - 080110.md","14131","2026-08-31 08:01:11","7a155d432916765df75f641960e17dcef33f2fbbc2518f9be63422134d2aa8ff"
"teams 채팅 데이터\Teams - 와키윌리 기획-소싱 - 2026-08-31 - 080108.md","22090","2026-09-01 08:01:09","9cc92dbaf62e2a894fe9b2b199978d0bc80a6a5b53319c9ca335076824baa241"
"teams 채팅 데이터\Teams - 와키윌리 기획-소싱 - 2026-09-01 - 080110.md","22379","2026-09-02 08:01:11","09f3606d750b0b9bcd0055a5a786c81c950901924a1e6e194558e578d78e43fa"
"teams 채팅 데이터\Teams - 와키윌리 기획-소싱 - 2026-09-02 - 080110.md","22379","2026-09-03 08:01:11","5f4d2dca27ab078e5838df477a7b734b2c624282648bfde6338d2345463aafa6"
"teams 채팅 데이터\Teams - 와키윌리 사업부_온라인실 - 2026-08-23 - 004118.md","2078","2026-08-24 09:41:19","e231553226f8a0ebe3304db1b91689ac17d9968e3c841c7ed5f83bdbb048cfa2"
"teams 채팅 데이터\Teams - 와키윌리 사업부_온라인실 - 2026-08-24 - 230023.md","5153","2026-08-25 08:00:24","4773c14faead120ab70ce9502675121820641df29708dc2dd5e56544ce8e8a29"
"teams 채팅 데이터\Teams - 와키윌리 사업부_온라인실 - 2026-08-25 - 230032.md","14700","2026-08-26 08:00:33","4d4cb7aaa3105e0a7b0cde0b58982bc07bf36e7c1e212855689ab02dcb52d91b"
"teams 채팅 데이터\Teams - 와키윌리 사업부_온라인실 - 2026-08-26 - 230028.md","15275","2026-08-27 08:00:30","d84f273fe37d1933e4f86b82723bef0bdc8b81fd9a340f5dc22295b89184e100"
"teams 채팅 데이터\Teams - 와키윌리 사업부_온라인실 - 2026-08-27 - 230028.md","18376","2026-08-28 08:00:29","f05f6f28cc8b46fc39ca65310210a6bb35be2163d30430a5a71b6877993243e2"
"teams 채팅 데이터\Teams - 와키윌리 사업부_온라인실 - 2026-08-28 - 230027.md","19145","2026-08-29 08:00:28","39105ca3637ec7a1cff1d93c3d850ffd1ddc65e03332a7f3d5cc06c81622f05d"
"teams 채팅 데이터\Teams - 와키윌리 사업부_온라인실 - 2026-08-29 - 230028.md","19145","2026-08-30 08:00:29","b01c5f9cb477f552a1bf4f8e81042a6483e71cce9be3e7cb28ec4dd2d334a590"
"teams 채팅 데이터\Teams - 와키윌리 사업부_온라인실 - 2026-08-30 - 230034.md","19145","2026-08-31 08:00:34","c7ef5fb0b63735f4dba512b471754c7928fe07993bff527c0f168be3df71767b"
"teams 채팅 데이터\Teams - 와키윌리 사업부_온라인실 - 2026-08-31 - 230028.md","19518","2026-09-01 08:00:29","3f501c7faf7d7b41d6dc523e0bff0ef9bacda83970d94f9a04be796d4129e704"
"teams 채팅 데이터\Teams - 와키윌리 사업부_온라인실 - 2026-09-01 - 230027.md","18241","2026-09-02 08:00:28","8025c267d4810449c2f9932fb7734de23991d98194178f3abdcf976de5a498f7"
"teams 채팅 데이터\Teams - 와키윌리 사업부_온라인실 - 2026-09-02 - 230027.md","17248","2026-09-03 08:00:30","190335bd9f9cfe502f4b8fb515eb2c71bdffc71564a78e3bcdb8f280e61f2153"
"teams 채팅 데이터\Teams - 와키윌리 상품기획 + 영업기획 - 2026-07-27 - 080026.md","11903","2026-07-28 08:00:27","20913dddf30c01fdb2b454e1420134467262b31006cda5abc267c5a4e936c232"
"teams 채팅 데이터\Teams - 와키윌리 상품기획 + 영업기획 - 2026-07-28 - 080025.md","13822","2026-07-29 08:00:26","281f5f07c25aaf6b65f9fe7ae8755369a230d06ba58b9dcf1c323e1cd884a735"
"teams 채팅 데이터\Teams - 와키윌리 상품기획 + 영업기획 - 2026-07-29 - 080031.md","17210","2026-07-30 08:00:32","4cfccd66163fc3d00f4854fc981ee2989ccfafda2819b7970be3b8212b1782ea"
"teams 채팅 데이터\Teams - 와키윌리 상품기획 + 영업기획 - 2026-07-30 - 080021.md","18682","2026-07-31 08:00:22","a6183ed909e41e19359bc9fd741b6af01b165a3e40561e7082ba7bff3e246f30"
"teams 채팅 데이터\Teams - 와키윌리 상품기획 + 영업기획 - 2026-07-31 - 080038.md","18272","2026-08-01 08:00:39","8e6d1932a7363f6de2b02b28f1bb0c13d32fed66f60cef889f696f7f97a3448a"
"teams 채팅 데이터\Teams - 와키윌리 상품기획 + 영업기획 - 2026-08-01 - 080028.md","18272","2026-08-02 08:00:28","925dbcf210a60a62da34638cebac7d97346238d3e55c31ca1034ee397ca3e044"
"teams 채팅 데이터\Teams - 와키윌리 상품기획 + 영업기획 - 2026-08-02 - 080027.md","18272","2026-08-03 08:00:28","1615a8383e8e1da9ef8dc78029d2b9cbbff61d58e3ddf76a5e77d2de68f83739"
"teams 채팅 데이터\Teams - 와키윌리 상품기획 + 영업기획 - 2026-08-03 - 080033.md","17405","2026-08-04 08:00:34","526729192ae0c0e5b583c1b8e087ed822911a4f0815e84a3a3adba6d9c997968"
"teams 채팅 데이터\Teams - 와키윌리 상품기획 + 영업기획 - 2026-08-04 - 080023.md","13788","2026-08-05 08:00:24","aa0a93d3e0d9bd097f62b2951e631fee46301da99dfab84fc9ba4502dfe645df"
"teams 채팅 데이터\Teams - 와키윌리 상품기획 + 영업기획 - 2026-08-05 - 080022.md","15711","2026-08-06 08:00:22","5c43872e2a9fbf89f09b407a0ca54f3d0ee7cc7c173b09ea023d6045034235ed"
"teams 채팅 데이터\Teams - 와키윌리 상품기획 + 영업기획 - 2026-08-06 - 080031.md","11947","2026-08-07 08:00:32","f63ff055e06beb5025cd1ffc3f87e9164af49d328d3974d07574e8538eb7ad49"
"teams 채팅 데이터\Teams - 와키윌리 상품기획 + 영업기획 - 2026-08-07 - 080022.md","14561","2026-08-08 08:00:23","cece06d0dd694d4cfed7edf5968803e8168f9c0d24eb0d9cbd9a2ecd30285894"
"teams 채팅 데이터\Teams - 와키윌리 상품기획 + 영업기획 - 2026-08-08 - 080021.md","14561","2026-08-09 08:00:22","e9e612ca89116e5f04de309821fc963ea58b3159ca944d691bb5ed78c0cad0c4"
"teams 채팅 데이터\Teams - 와키윌리 상품기획 + 영업기획 - 2026-08-09 - 080025.md","14561","2026-08-10 08:00:27","d86e19747cecb83b13815f9c10415ed007b6780ab9d347f0bdec20dc69c7e1c1"
"teams 채팅 데이터\Teams - 와키윌리 상품기획 + 영업기획 - 2026-08-10 - 080035.md","18159","2026-08-11 08:00:36","fb96078ca43bc6ac1af3a0f1024f6ace73c37d3aa9f661cd1c936219d7c9f053"
"teams 채팅 데이터\Teams - 와키윌리 상품기획 + 영업기획 - 2026-08-11 - 080028.md","18244","2026-08-12 08:00:28","0c62844a124148faf11f5e67a9e6e7574cc8df8b8d9c3763ec2cd5b2311d86e4"
"teams 채팅 데이터\Teams - 와키윌리 상품기획 + 영업기획 - 2026-08-12 - 080025.md","22781","2026-08-13 08:00:26","d47a0b1d80142c910a0e3d08e2322e69361d1fede077411af94c910105b6936c"
"teams 채팅 데이터\Teams - 와키윌리 상품기획 + 영업기획 - 2026-08-13 - 080023.md","22781","2026-08-14 08:00:23","438e0b7d41c563c32f24343ebdf3a15fd3a96023d58a75d2828eda23b7451b19"
"teams 채팅 데이터\Teams - 와키윌리 상품기획 + 영업기획 - 2026-08-14 - 080022.md","23084","2026-08-15 08:00:23","294d9e47682da9368ae39d4c4e4964a3b07393f9932f86fa42ed07bd142a62b1"
"teams 채팅 데이터\Teams - 와키윌리 상품기획 + 영업기획 - 2026-08-15 - 080023.md","23084","2026-08-16 08:00:24","ad4c7f5bc786238fa967dd196fd82c56911db8bb8846695f6bd5ec61bf628e60"
"teams 채팅 데이터\Teams - 와키윌리 상품기획 + 영업기획 - 2026-08-16 - 080023.md","23084","2026-08-17 08:00:24","d5576fb4640b470c48957a8acfb71edeb0e588db53a4dbf6fdd696a15dc1d51f"
"teams 채팅 데이터\Teams - 와키윌리 상품기획 + 영업기획 - 2026-08-17 - 080018.md","19795","2026-08-18 08:00:19","bbc25c9ea79fcaccfd6f7403e34706c817810c807e7352a42415f7fcdaef866d"
"teams 채팅 데이터\Teams - 와키윌리 상품기획 + 영업기획 - 2026-08-18 - 080017.md","17153","2026-08-19 08:00:19","76c20910d7ae2ae1be01fafff7901df37a03da060ffdc9f39d41f32c249c3d46"
"teams 채팅 데이터\Teams - 와키윌리 상품기획 + 영업기획 - 2026-08-19 - 080012.md","7789","2026-08-20 08:00:14","4f65bf2322f5aceaa10b584c9321c281b0107a455190bc5abb5540ce06e6c00a"
"teams 채팅 데이터\Teams - 와키윌리 상품기획 + 영업기획 - 2026-08-20 - 080027.md","13614","2026-08-21 08:00:28","d61a9abe8622f4c35de3febc14eb526a10fd6a8d9becdca36994cb719473de8b"
"teams 채팅 데이터\Teams - 와키윌리 상품기획 + 영업기획 - 2026-08-21 - 080017.md","12367","2026-08-22 08:00:18","21182f2a470753f4ede9cffd3399d6eb279d5daf8e76d552697dc5a05daf2c7f"
"teams 채팅 데이터\Teams - 와키윌리 상품기획 + 영업기획 - 2026-08-22 - 080013.md","12367","2026-08-23 08:00:14","92517f61034d1ac263d9817e4ff45fd56ecfa60641dfa5256a9f1c278e41a0f0"
"teams 채팅 데이터\Teams - 와키윌리 상품기획 + 영업기획 - 2026-08-23 - 080017.md","12367","2026-08-24 08:00:20","7ba2024677690f68a0ebb486b963cea0e40614fe7ad9af8215edd97c35bb13c3"
"teams 채팅 데이터\Teams - 와키윌리 상품기획 + 영업기획 - 2026-08-24 - 080021.md","18255","2026-08-25 08:00:23","f772907f45bfa7227f5047088956adbf224c5b37b364bd54b36268ac6dc3b5fb"
"teams 채팅 데이터\Teams - 와키윌리 상품기획 + 영업기획 - 2026-08-25 - 080016.md","18869","2026-08-26 08:00:18","736e47e10b6362c3caceb4b6472b6086b4b7854e2361e41bdf66eb4baca477ec"
"teams 채팅 데이터\Teams - 와키윌리 상품기획 + 영업기획 - 2026-08-26 - 080019.md","18869","2026-08-27 08:00:20","104c9b6a64952ded6cad7a0b737013fa88fa2984145cdb806d90d4043cfa2448"
"teams 채팅 데이터\Teams - 와키윌리 상품기획 + 영업기획 - 2026-08-27 - 080020.md","17757","2026-08-28 08:00:22","8b322ed9237d593e56a42d22d4f39aad10798af2582ef17432c39d05eedb8bc4"
"teams 채팅 데이터\Teams - 와키윌리 상품기획 + 영업기획 - 2026-08-28 - 080018.md","20379","2026-08-29 08:00:19","69d8961f13dedb6d5a01a9f1a5eda850c572cc593cdf94073057218689bd2011"
"teams 채팅 데이터\Teams - 와키윌리 상품기획 + 영업기획 - 2026-08-29 - 080020.md","20379","2026-08-30 08:00:21","32daea8e4d5525dd2d74bcd3da38ec4fdec4a33922f04f19317b94468eb34b6c"
"teams 채팅 데이터\Teams - 와키윌리 상품기획 + 영업기획 - 2026-08-30 - 080019.md","20379","2026-08-31 08:00:21","007a5726ca6531b2b0dde8142ff6ef9e1e05aa4b529be21c726d8818369282de"
"teams 채팅 데이터\Teams - 와키윌리 상품기획 + 영업기획 - 2026-08-31 - 080021.md","19132","2026-09-01 08:00:22","ed33db5d222990c6e7722c517a5933b8d4562f7b11a744225c241617813dcb0f"
"teams 채팅 데이터\Teams - 와키윌리 상품기획 + 영업기획 - 2026-09-01 - 080018.md","16524","2026-09-02 08:00:19","fa834fc9ad2ff2306520565663c99cc47fb33e2d42bb8b21a4b58e0a40932aea"
"teams 채팅 데이터\Teams - 와키윌리 상품기획 + 영업기획 - 2026-09-02 - 080036.md","16970","2026-09-03 08:00:37","c87296cf26f1795f3d589aafa67ef347cd51988074bdb82e46d29877d633a937"
"teams 채팅 데이터\Teams - 와키윌리 상품기획+영업기획+VM - 2026-07-27 - 080107.md","8870","2026-07-28 08:01:08","b98d0777d38326d064011f21526104527afc444a388ed70163c3ed3adaaae42f"
"teams 채팅 데이터\Teams - 와키윌리 상품기획+영업기획+VM - 2026-07-28 - 080107.md","8870","2026-07-29 08:01:08","9bb784008474f7765259058bdeb953c1f9964391ca00a628d9559c11427308ac"
"teams 채팅 데이터\Teams - 와키윌리 상품기획+영업기획+VM - 2026-07-29 - 080112.md","12556","2026-07-30 08:01:13","a23dba05023ac586494615727e7544c653c28e76326336583f62e15e41a506c4"
"teams 채팅 데이터\Teams - 와키윌리 상품기획+영업기획+VM - 2026-07-30 - 080110.md","12556","2026-07-31 08:01:11","dad005cb45304d5f37f0f102253c94281615901fc4a85c160d9e0b9b90ee55b0"
"teams 채팅 데이터\Teams - 와키윌리 상품기획+영업기획+VM - 2026-07-31 - 080111.md","12556","2026-08-01 08:01:12","ba716b325edaad57b7c494415d93de2fe3e19d7f35876d4f5059fe4dca00984c"
"teams 채팅 데이터\Teams - 와키윌리 상품기획+영업기획+VM - 2026-08-01 - 080111.md","12556","2026-08-02 08:01:11","4a883ab96dc9595a31c552084c2d067b92c11d87eb34a23bb4c17ada789cd949"
"teams 채팅 데이터\Teams - 와키윌리 상품기획+영업기획+VM - 2026-08-02 - 080108.md","12556","2026-08-03 08:01:09","590200f8bd157c1a2b1032d0ce419ae6a742967e6448c0d500cce2dcc4ba81fa"
"teams 채팅 데이터\Teams - 와키윌리 상품기획+영업기획+VM - 2026-08-03 - 080130.md","12556","2026-08-04 08:01:30","c3017307ada9ce5f5592eeca578187f115565741878aa157046ba95686dfed4a"
"teams 채팅 데이터\Teams - 와키윌리 상품기획+영업기획+VM - 2026-08-04 - 080109.md","12556","2026-08-05 08:01:11","b247308be6eb278c49e1e3f28803a238c5c46e2174197a4dfb90a91e8a8364e3"
"teams 채팅 데이터\Teams - 와키윌리 상품기획+영업기획+VM - 2026-08-05 - 080100.md","867","2026-08-06 08:01:01","f98c19b541e39ab2e5a9a5c0bda1fd780abe5c1134c25e210964580b9bccf20c"
"teams 채팅 데이터\Teams - 와키윌리 상품기획+영업기획+VM - 2026-08-06 - 080102.md","867","2026-08-07 08:01:03","141d30b45ea70d026c7b2e54af5bfe788eed9dccf31ecf72fca986e8f63de8a8"
"teams 채팅 데이터\Teams - 와키윌리 상품기획+영업기획+VM - 2026-08-07 - 080100.md","867","2026-08-08 08:01:00","14fcd8b26dac4d74da8162dd8e55d611e009af724814df40fdb21bf84dae4a2e"
"teams 채팅 데이터\Teams - 와키윌리 상품기획+영업기획+VM - 2026-08-08 - 080102.md","867","2026-08-09 08:01:02","94b32d4e5567761c0300f669bb8f30a15704cb8c5aded62d362f79f1da0637cc"
"teams 채팅 데이터\Teams - 와키윌리 상품기획+영업기획+VM - 2026-08-09 - 080101.md","867","2026-08-10 08:01:02","c636523436b2006b41375c74fa6d2a9bcc2f37b2934896ef143085cffe512f72"
"teams 채팅 데이터\Teams - 와키윌리 상품기획+영업기획+VM - 2026-08-10 - 080100.md","867","2026-08-11 08:01:01","2560b27ad21e7fb0df8707a5905d1c5f6f487e3d200646e25e744fa5c5e0f62a"
"teams 채팅 데이터\Teams - 와키윌리 상품기획+영업기획+VM - 2026-08-11 - 080059.md","867","2026-08-12 08:01:00","e2e1f4301d2be161a3b3b15d2e79603591771ed20bad9ed0f01c3c246134b9c0"
"teams 채팅 데이터\Teams - 와키윌리 상품기획+영업기획+VM - 2026-08-12 - 080110.md","12941","2026-08-13 08:01:11","740382e4a7c6e807d0d4afbda6d352b3eb06d4b09e9fa0bcf21a57543b2d22c4"
"teams 채팅 데이터\Teams - 와키윌리 상품기획+영업기획+VM - 2026-08-13 - 080109.md","12941","2026-08-14 08:01:10","dca77c65d62433f551ab7c8a18538c9cb6d20c4b113d19eeb6eb3df104b08440"
"teams 채팅 데이터\Teams - 와키윌리 상품기획+영업기획+VM - 2026-08-14 - 080110.md","12941","2026-08-15 08:01:11","8d97dff9e7c2e7ad5fb35adf4238d65346df3cb3d36ae0bbb54bbc9e7544ad62"
"teams 채팅 데이터\Teams - 와키윌리 상품기획+영업기획+VM - 2026-08-15 - 080110.md","12941","2026-08-16 08:01:10","4b84fca5fb93bc27b098c6af3faf1c85afb9106ad55bc3af39629001d72aea77"
"teams 채팅 데이터\Teams - 와키윌리 상품기획+영업기획+VM - 2026-08-16 - 080111.md","12941","2026-08-17 08:01:12","d3175e90f0f1393e315eaf5f5434fde0ae6e13e2389415a49b86fda6a8fd9f41"
"teams 채팅 데이터\Teams - 와키윌리 상품기획+영업기획+VM - 2026-08-17 - 080110.md","12941","2026-08-18 08:01:11","e1db114865790e4974f67b338c7fb80c234f842dc84041e210bfb6d841f7d8b3"
"teams 채팅 데이터\Teams - 와키윌리 상품기획+영업기획+VM - 2026-08-18 - 080110.md","12941","2026-08-19 08:01:11","1c72ebf7177b14a0f00a0f77c4c80161cec11c455d58e9cbd458baedac543ad6"
"teams 채팅 데이터\Teams - 와키윌리 상품기획+영업기획+VM - 2026-08-19 - 080109.md","12941","2026-08-20 08:01:10","110fda9e47e83cb6c119acd547c99358f2539ab46e9a699555061fd56c86c69a"
"teams 채팅 데이터\Teams - 와키윌리 상품기획+영업기획+VM - 2026-08-20 - 080110.md","12941","2026-08-21 08:01:12","b57eb22bd0b62b88a6f8cfcdd702fa96fdd570b953d23a3ad8cc12b2a7a79624"
"teams 채팅 데이터\Teams - 와키윌리 상품기획+영업기획+VM - 2026-08-21 - 080110.md","12941","2026-08-22 08:01:11","2c35880b11b6f756e58ed9578b1b74351e5e442d5775bde7525fca9c388be565"
"teams 채팅 데이터\Teams - 와키윌리 상품기획+영업기획+VM - 2026-08-22 - 080108.md","12941","2026-08-23 08:01:09","9df10cef85f4386888f7f7d97560ef83d876ee6b638a80bb13c5e1e47cb56829"
"teams 채팅 데이터\Teams - 와키윌리 상품기획+영업기획+VM - 2026-08-23 - 080110.md","12941","2026-08-24 08:01:10","97d03597f72ae755898ea15a4cf44a232be7cf44bd363f8d811b7928277aa273"
"teams 채팅 데이터\Teams - 와키윌리 상품기획+영업기획+VM - 2026-08-24 - 080110.md","12941","2026-08-25 08:01:11","7c629abf6bb26511db514117e6275b6ddec8863a9ba0cfb91d2751e86b4b7a17"
"teams 채팅 데이터\Teams - 와키윌리 상품기획+영업기획+VM - 2026-08-25 - 080154.md","12941","2026-08-26 08:01:55","4233e42bbeb3c92f90f3ff0a9e875b88f9b35f731a2dead308831609985747be"
"teams 채팅 데이터\Teams - 와키윌리 상품기획+영업기획+VM - 2026-08-26 - 080109.md","12941","2026-08-27 08:01:09","37e772abe96e16bd12ada16ade250a24506ba8be48281335350539908bc04403"
"teams 채팅 데이터\Teams - 와키윌리 상품기획+영업기획+VM - 2026-08-27 - 080109.md","12941","2026-08-28 08:01:10","a969fe2f4687fd77485e2e918b904d7741a7a5596067b46daba32a96d67cb040"
"teams 채팅 데이터\Teams - 와키윌리 상품기획+영업기획+VM - 2026-08-28 - 080110.md","12941","2026-08-29 08:01:10","048b6561e058f16f85b60c79123ccc711cdaa840ac8e7ed7d11bd56ca02cbe35"
"teams 채팅 데이터\Teams - 와키윌리 상품기획+영업기획+VM - 2026-08-29 - 080109.md","12941","2026-08-30 08:01:10","8d400f8e9df15eb5e5f058e00e1ad466b2d2638d37c975f946ea904c385f17ff"
"teams 채팅 데이터\Teams - 와키윌리 상품기획+영업기획+VM - 2026-08-30 - 080110.md","12941","2026-08-31 08:01:11","d226aa7d50fb0ad0fa0dfe5cdfa893306279bec592bd7c7d231b169c7023d876"
"teams 채팅 데이터\Teams - 와키윌리 상품기획+영업기획+VM - 2026-08-31 - 080110.md","12941","2026-09-01 08:01:10","89f9562a015f33298f03dfc51671b1abc99fda02b3819eddb5f5da7a94fa847f"
"teams 채팅 데이터\Teams - 와키윌리 상품기획+영업기획+VM - 2026-09-01 - 080111.md","12941","2026-09-02 08:01:12","4720fcda2f8568a8c3a4225d4db053e2d13cc0d920fbffc8a4b82517485cf127"
"teams 채팅 데이터\Teams - 와키윌리 상품기획+영업기획+VM - 2026-09-02 - 080109.md","12941","2026-09-03 08:01:10","3afb6fda720a45be46078e99cf6e19d98d6c1fabdc9e9f22a1d8407be5a75a2d"
"teams 채팅 데이터\Teams - 와키윌리 소싱&소재&기획 - 2026-07-27 - 230049.md","8951","2026-07-28 08:00:49","4aedceaca78b3042e3b1dcea77bf86fcf39332ac905f90ca9ac68f797205bb92"
"teams 채팅 데이터\Teams - 와키윌리 소싱&소재&기획 - 2026-07-28 - 230047.md","4989","2026-07-29 08:00:48","ad74ef155e40c17378ef80d782edb0837b9ad1a805c4d9ac981b17b28889b145"
"teams 채팅 데이터\Teams - 와키윌리 소싱&소재&기획 - 2026-07-29 - 230056.md","3353","2026-07-30 08:00:57","269f4c2dbf3e1a2523e8611cb0b9d0337aa8a0321d060faac5f474c025d881e7"
"teams 채팅 데이터\Teams - 와키윌리 소싱&소재&기획 - 2026-07-30 - 230052.md","17027","2026-07-31 08:00:53","ad842246a64ddfc6fb3c8c6c304de5c0e039ce00c23b22ea0f64f14f01123e27"
"teams 채팅 데이터\Teams - 와키윌리 소싱&소재&기획 - 2026-07-31 - 230053.md","17027","2026-08-01 08:00:54","23c32520ec7d7050603bbb03dcb4429b7c5389496eb9f6ee7ae4610cd010bc7f"
"teams 채팅 데이터\Teams - 와키윌리 소싱&소재&기획 - 2026-08-01 - 230054.md","17027","2026-08-02 08:00:55","f454306a9da5e3c1dfe234f383b2216014e3800608630e71dbae17661181999e"
"teams 채팅 데이터\Teams - 와키윌리 소싱&소재&기획 - 2026-08-02 - 230102.md","17027","2026-08-03 08:01:03","806d32233e3287fd6f7df16b5f43e90ec25c774586e5df1078f2fadb7dc46017"
"teams 채팅 데이터\Teams - 와키윌리 소싱&소재&기획 - 2026-08-03 - 230054.md","17027","2026-08-04 08:00:55","727208f11ed0f53c73adf9eafbf7e5adfcf92777e7acc6327762b7fc3f788160"
"teams 채팅 데이터\Teams - 와키윌리 소싱&소재&기획 - 2026-08-04 - 230056.md","17027","2026-08-05 08:00:56","8009284ba74c807456807870b01f936d2f84705762eecf1807b32fd0da6349e8"
"teams 채팅 데이터\Teams - 와키윌리 소싱&소재&기획 - 2026-08-05 - 230057.md","17027","2026-08-06 08:00:58","78ffb62fa497d5adfff08f892819f851fb90c83e6631f04fbf76c4f829d3a263"
"teams 채팅 데이터\Teams - 와키윌리 소싱&소재&기획 - 2026-08-06 - 230054.md","17027","2026-08-07 08:00:55","661288990029eff46816afa898ec8caf35befd607ed7e1e5afc7a6d7e6548148"
"teams 채팅 데이터\Teams - 와키윌리 소싱&소재&기획 - 2026-08-07 - 230053.md","17027","2026-08-08 08:00:54","fe52864b466f4e1e2b3177c412152c42b960ce7a33c8c03351e07c3d8f92a672"
"teams 채팅 데이터\Teams - 와키윌리 소싱&소재&기획 - 2026-08-08 - 230052.md","17027","2026-08-09 08:00:53","13bd27c9af828c78fe0df50d30fc8ce2e2a331f5d83b6d0e2b7bc9e40ac3fe17"
"teams 채팅 데이터\Teams - 와키윌리 소싱&소재&기획 - 2026-08-09 - 230056.md","17027","2026-08-10 08:00:56","170a925a927ec1b8195edc581fa879a36dd1451b726807ef36c2f5f30aa3141d"
"teams 채팅 데이터\Teams - 와키윌리 소싱&소재&기획 - 2026-08-10 - 230055.md","17027","2026-08-11 08:00:56","07c58c9ec015a0c95ab567d58404c2398ef8ade41cc84e3966bd8c025b950957"
"teams 채팅 데이터\Teams - 와키윌리 소싱&소재&기획 - 2026-08-11 - 230055.md","17027","2026-08-12 08:00:56","ac3d1f5594a7d4646333d75ad0f88f4302854fc3472c4e3f44078a5d0ff852fc"
"teams 채팅 데이터\Teams - 와키윌리 소싱&소재&기획 - 2026-08-12 - 230044.md","1677","2026-08-13 08:00:45","da7dae315682634c2dc6fbd82742152abcfe7ef7d78ff6853e60c0dce91cf3e8"
"teams 채팅 데이터\Teams - 와키윌리 소싱&소재&기획 - 2026-08-13 - 230045.md","2207","2026-08-14 08:00:46","036157c46786d40d19c736781b0e7f145d1c3c60c24037cd21c7e3bc0793c957"
"teams 채팅 데이터\Teams - 와키윌리 소싱&소재&기획 - 2026-08-14 - 230051.md","2850","2026-08-15 08:00:53","3bdc1300eae7cbefc02b8f1a6523a8cc2ffb7bd6a6bb7485ae1f7d802c8d3139"
"teams 채팅 데이터\Teams - 와키윌리 소싱&소재&기획 - 2026-08-15 - 230046.md","2850","2026-08-16 08:00:47","c53a3924a8d79853329a3e1c4d4eae7712a910c39cedf92bb051279b0f0785b4"
"teams 채팅 데이터\Teams - 와키윌리 소싱&소재&기획 - 2026-08-16 - 230046.md","2850","2026-08-17 08:00:47","132f9c24b1d9c0a55665f3e841092334355dc339b1cb2ff611503fca83f7c4a8"
"teams 채팅 데이터\Teams - 와키윌리 소싱&소재&기획 - 2026-08-17 - 230048.md","2850","2026-08-18 08:00:49","48ff176b41d28395fa0129ad0e1eed464c66213340111d6f286eba04e4cd8fb7"
"teams 채팅 데이터\Teams - 와키윌리 소싱&소재&기획 - 2026-08-18 - 230048.md","3378","2026-08-19 08:00:49","9a8f878aa9bf4d6ed3c91274a18720abfcdac43a7c3924ec8ac0974924f94387"
"teams 채팅 데이터\Teams - 와키윌리 소싱&소재&기획 - 2026-08-19 - 230045.md","1975","2026-08-20 08:00:46","f79145fe985495cb53f71fe972f920a86f73f7d4e6c86780ccd60e258fd0d5e8"
"teams 채팅 데이터\Teams - 와키윌리 소싱&소재&기획 - 2026-08-20 - 230045.md","1445","2026-08-21 08:00:47","348b3cb14113ecf56005b3cf7360de0ee7ba3279ee6bd4afde78218f4b590563"
"teams 채팅 데이터\Teams - 와키윌리 소싱&소재&기획 - 2026-08-21 - 230048.md","1525","2026-08-22 08:00:49","2b09668db289622ea2a0f4c43ccf2f36d7fe2da83e5b07422e96ca854c8b79a5"
"teams 채팅 데이터\Teams - 와키윌리 소싱&소재&기획 - 2026-08-22 - 230049.md","1525","2026-08-23 08:00:49","e07c7b4b7b10cf7524ec29493d09fa1e8321b786f2927ad7c909d592d353a3c0"
"teams 채팅 데이터\Teams - 와키윌리 소싱&소재&기획 - 2026-08-23 - 230045.md","1525","2026-08-24 08:00:47","5816a5d289d9ad7ecb0ebe3977cfb60652b64746e4112ab7a297c6abc5f531b0"
"teams 채팅 데이터\Teams - 와키윌리 소싱&소재&기획 - 2026-08-24 - 230045.md","1920","2026-08-25 08:00:46","a0adde89279ea84a544e7b87a89dcc86013d09ace63e2c7d9d8dc711e4eadb54"
"teams 채팅 데이터\Teams - 와키윌리 소싱&소재&기획 - 2026-08-25 - 230047.md","1392","2026-08-26 08:00:47","984a4bc3cabf71b4a5a0f6217bbf1b2c1c4607cb5c342a876661d342999d46c8"
"teams 채팅 데이터\Teams - 와키윌리 소싱&소재&기획 - 2026-08-26 - 230045.md","2100","2026-08-27 08:00:46","7cddf8f1be2517b6f2c5d93185551d48fb2d90068f714cca42e7c9b76e2971b1"
"teams 채팅 데이터\Teams - 와키윌리 소싱&소재&기획 - 2026-08-27 - 230046.md","2404","2026-08-28 08:00:47","b62dd4b8a0721661077d91880d6eb0731cf922ad097fa46bf84c23e938e42647"
"teams 채팅 데이터\Teams - 와키윌리 소싱&소재&기획 - 2026-08-28 - 230048.md","3061","2026-08-29 08:00:48","4c8281f3af8a68d0a84ae2e0233aa9a81d4111be31f4949231d4bf003896544a"
"teams 채팅 데이터\Teams - 와키윌리 소싱&소재&기획 - 2026-08-29 - 230051.md","3061","2026-08-30 08:00:52","fa9689b4573336dd3021e71b01206281d3cb423cf3e65af623bedaf798a88be3"
"teams 채팅 데이터\Teams - 와키윌리 소싱&소재&기획 - 2026-08-30 - 230049.md","3061","2026-08-31 08:00:50","f602e4dcbc7166edee9effed86d97d3d554d2f43bcbac0bf3b4513cb83727770"
"teams 채팅 데이터\Teams - 와키윌리 소싱&소재&기획 - 2026-08-31 - 230047.md","3323","2026-09-01 08:00:47","980f3eb681d537c93101f26f8920e8ec90beaccb1f5ae021665dbc9f69f8eac0"
"teams 채팅 데이터\Teams - 와키윌리 소싱&소재&기획 - 2026-09-01 - 230046.md","3323","2026-09-02 08:00:47","e4655740b5ad4b5c5b0458d94eddfdcb90565159a8072ca633a439e7ee91c2da"
"teams 채팅 데이터\Teams - 와키윌리 소싱&소재&기획 - 2026-09-02 - 230045.md","2615","2026-09-03 08:00:46","702c67b92244e6fd892753f1ec9825b588ab97cf9dfa3c22ed722b95a892ff35"
"teams 채팅 데이터\Teams - 와키윌리 아트그로서리 팝업 - 2026-07-27 - 230101.md","1136","2026-07-28 08:01:02","b799d1b00bdc68941e5dc7621e628f5e2589595035c22d5d6b5765a1b8c7876c"
"teams 채팅 데이터\Teams - 와키윌리 아트그로서리 팝업 - 2026-07-28 - 230101.md","1136","2026-07-29 08:01:02","5b5b0ccc5f9ae2803b0ab45e3796de93121a859dea72cf688712764a34a1f69c"
"teams 채팅 데이터\Teams - 와키윌리 아트그로서리 팝업 - 2026-07-29 - 230100.md","845","2026-07-30 08:01:01","a7abdbc5016d56bd1c88c6dfa1747adcffc0f75ba73560c998807801b321e8fd"
"teams 채팅 데이터\Teams - 와키윌리 아트그로서리 팝업 - 2026-07-30 - 230101.md","845","2026-07-31 08:01:02","325f82de6862f9c24428680ba1be7733b2ba76149f0a1557f8d5a69a9e61f354"
"teams 채팅 데이터\Teams - 와키윌리 아트그로서리 팝업 - 2026-07-31 - 230102.md","769","2026-08-01 08:01:03","5c36f8fdd583ce1de8d00d52a4b7f700a95740342486cfa87736b1ba87bf7c1a"
"teams 채팅 데이터\Teams - 와키윌리 아트그로서리 팝업 - 2026-08-01 - 230101.md","769","2026-08-02 08:01:01","26f45166c74d114f3737050c86163c4bb2345857f3dcdb70d5fd6e88fd3e46a7"
"teams 채팅 데이터\Teams - 와키윌리 아트그로서리 팝업 - 2026-08-02 - 230100.md","769","2026-08-03 08:01:00","67e790edf0d9e4cc5352168964ca21f0d914fc574f92a21bf79b48c4e45ced2b"
"teams 채팅 데이터\Teams - 와키윌리 아트그로서리 팝업 - 2026-08-03 - 230111.md","15020","2026-08-04 08:01:11","d16b820dff443137056a837aeabd4a39a962efbefa59db89a33eb927797485eb"
"teams 채팅 데이터\Teams - 와키윌리 온라인 전용 상품 TF팀 - 2026-07-27 - 080102.md","2358","2026-07-28 08:01:03","42cfd25f9bf1b7dae4c14c94746addb494c9c4d1aea6d3a69327e01ac1f86035"
"teams 채팅 데이터\Teams - 와키윌리 온라인 전용 상품 TF팀 - 2026-07-28 - 080101.md","2021","2026-07-29 08:01:02","e84bab90680ad289b17f82bd43708a3f48a08f54d201440cbe68532173e9feea"
"teams 채팅 데이터\Teams - 와키윌리 온라인 전용 상품 TF팀 - 2026-07-29 - 080101.md","1201","2026-07-30 08:01:02","52d82aaf2732c79dfe8b68dea8ef0ca43d537c73e969018944a4c37524440043"
"teams 채팅 데이터\Teams - 와키윌리 온라인 전용 상품 TF팀 - 2026-07-30 - 080101.md","3934","2026-07-31 08:01:02","ded036a1680702a9970da1bba5ab011e0048922631b0a145a9189865a3b09e4b"
"teams 채팅 데이터\Teams - 와키윌리 온라인 전용 상품 TF팀 - 2026-07-31 - 080104.md","3934","2026-08-01 08:01:04","c8253c7f15004a9f9b3b1eef7579e79b1bf775e9a863a9cc339b5c3a584b350f"
"teams 채팅 데이터\Teams - 와키윌리 온라인 전용 상품 TF팀 - 2026-08-01 - 080102.md","3934","2026-08-02 08:01:03","02ee60c52258c6da0f27c99d8bf79179397107eb14c77d3cbc1ff2bf342c60d9"
"teams 채팅 데이터\Teams - 와키윌리 온라인 전용 상품 TF팀 - 2026-08-02 - 080102.md","3934","2026-08-03 08:01:03","5b811b370280d8b9a8e0854c010662d7ae0aa6c77568450bfc6dffae078d121a"
"teams 채팅 데이터\Teams - 와키윌리 온라인 전용 상품 TF팀 - 2026-08-03 - 080101.md","3025","2026-08-04 08:01:01","fdf10e3210da2ea186a7399a9ad40e22e3d2c35056acfa44511c68a4b966c7df"
"teams 채팅 데이터\Teams - 와키윌리 온라인 전용 상품 TF팀 - 2026-08-04 - 080101.md","3025","2026-08-05 08:01:02","8d660a885ae2c1434af1ea110f81162656a50b0cfd7ef1bd40eade366ae32272"
"teams 채팅 데이터\Teams - 와키윌리 온라인 전용 상품 TF팀 - 2026-08-05 - 080101.md","3025","2026-08-06 08:01:02","16d9e82a33d9a6bcd5ec1d086a50a83a59726e81f3d65563542dcbe3f02dca4c"
"teams 채팅 데이터\Teams - 와키윌리 온라인 전용 상품 TF팀 - 2026-08-06 - 080117.md","22043","2026-08-07 08:01:19","d665ad5dab7db98b77b1d195a60ba19b7f1599148a3a99765d0ad59ae7292a23"
"teams 채팅 데이터\Teams - 와키윌리 온라인 전용 상품 TF팀 - 2026-08-07 - 080110.md","22043","2026-08-08 08:01:10","c7d406f77cd77860088d0f5981e634cd3fadfba59798851f4d6f1625555ecbad"
"teams 채팅 데이터\Teams - 와키윌리 온라인 전용 상품 TF팀 - 2026-08-08 - 080113.md","22043","2026-08-09 08:01:13","5fe1a90768b272610a7589c4fb11bbd8809442caf0b2ac25d9a6994d384ae18f"
"teams 채팅 데이터\Teams - 와키윌리 온라인 전용 상품 TF팀 - 2026-08-09 - 080111.md","22043","2026-08-10 08:01:12","aac0d06b570837f9fb750e479be1a5169443c42c8471a7f53da175b78c8cd598"
"teams 채팅 데이터\Teams - 와키윌리 온라인 전용 상품 TF팀 - 2026-08-10 - 080109.md","22043","2026-08-11 08:01:10","caae69e730b65716c190ea64dd0f093bef3c6b6c7f14db85bfb9cde6964f0224"
"teams 채팅 데이터\Teams - 와키윌리 온라인 전용 상품 TF팀 - 2026-08-11 - 080114.md","22043","2026-08-12 08:01:15","b8a63214beb0a20f9ab034a689dcda0b625cd3abd63bed9eb916acd02eb21ac1"
"teams 채팅 데이터\Teams - 와키윌리 온라인 전용 상품 TF팀 - 2026-08-12 - 080111.md","22043","2026-08-13 08:01:12","edecf13916be92d68490acfcf3a6c3b02e20b828657eaf0a6f51c8c1ee372f41"
"teams 채팅 데이터\Teams - 와키윌리 온라인 전용 상품 TF팀 - 2026-08-13 - 080110.md","22043","2026-08-14 08:01:11","dd1c60590e9e331ec3c472716e3ed18849c3fbcb72b4c6e3f86869037fdf0da5"
"teams 채팅 데이터\Teams - 와키윌리 온라인 전용 상품 TF팀 - 2026-08-14 - 080110.md","22043","2026-08-15 08:01:10","5cd6c51499e1f43edee1b42b5f3f81ead628ba251797bd06629611503bc189b2"
"teams 채팅 데이터\Teams - 와키윌리 온라인 전용 상품 TF팀 - 2026-08-15 - 080110.md","22043","2026-08-16 08:01:11","234686827034a7f2ed25638a67210afa9f11506293672dbf14f1f8af37da3d87"
"teams 채팅 데이터\Teams - 와키윌리 온라인 전용 상품 TF팀 - 2026-08-16 - 080114.md","22043","2026-08-17 08:01:14","433db325bf43a7fd28e815b9466474f7371aa0dfe634eab218ecb258567f322e"
"teams 채팅 데이터\Teams - 와키윌리 온라인 전용 상품 TF팀 - 2026-08-17 - 080111.md","22043","2026-08-18 08:01:12","9afbf443af5889f25ea79634b57c747bbe8d50758e7ba63bf0526b0dc147861a"
"teams 채팅 데이터\Teams - 와키윌리 온라인 전용 상품 TF팀 - 2026-08-18 - 080110.md","22043","2026-08-19 08:01:12","6eab231640e2bd8d3498bd96077b48cfb6608fba359b3ffd15a04ff38e7d2289"
"teams 채팅 데이터\Teams - 와키윌리 온라인 전용 상품 TF팀 - 2026-08-19 - 080110.md","22043","2026-08-20 08:01:11","a444847d85cee90335b051dd85864a4557bc166646518649d051deecabd73962"
"teams 채팅 데이터\Teams - 와키윌리 온라인 전용 상품 TF팀 - 2026-08-20 - 080100.md","1169","2026-08-21 08:01:01","0f2fa4691ded25128670d1e179e893fcd974830a8b595eb8d2e1e97fd2342f92"
"teams 채팅 데이터\Teams - 와키윌리 온라인 전용 상품 TF팀 - 2026-08-21 - 080059.md","1330","2026-08-22 08:01:00","5b1b6925b0b827e67dfc1db87d1b66cbf1ab47b88dd3827fd7ea26b81b1b915a"
"teams 채팅 데이터\Teams - 와키윌리 온라인 전용 상품 TF팀 - 2026-08-22 - 080100.md","1330","2026-08-23 08:01:00","2fcd47d885312ffd39c360871c1668e7adf8c1225ed0e9ce3619588feca6c12a"
"teams 채팅 데이터\Teams - 와키윌리 온라인 전용 상품 TF팀 - 2026-08-23 - 080100.md","1330","2026-08-24 08:01:01","3c74889b869553d30fafe459d10abfa568c3ca3efdebd562b7513964db5b66a4"
"teams 채팅 데이터\Teams - 와키윌리 온라인 전용 상품 TF팀 - 2026-08-24 - 080100.md","1330","2026-08-25 08:01:01","69d7e02342c9fba1f83ab51572cde395258be97dbaf1e4c71c56fc2d35b6b9b7"
"teams 채팅 데이터\Teams - 와키윌리 온라인 전용 상품 TF팀 - 2026-08-25 - 080101.md","1330","2026-08-26 08:01:02","7d3d0d345079507b7b157a3e61f5fae6388ed5d995816f83c65914cb7bb3b105"
"teams 채팅 데이터\Teams - 와키윌리 온라인 전용 상품 TF팀 - 2026-08-26 - 080101.md","1330","2026-08-27 08:01:02","fa60be8fd356c2ca7be94f3c80da8cea34ab272178149f81f003e7226833e8c3"
"teams 채팅 데이터\Teams - 와키윌리 온라인 전용 상품 TF팀 - 2026-08-27 - 080100.md","453","2026-08-28 08:01:01","9203f2d3af34f0d7a7a1bcb7dbbe20f288b7ffdce8b5edcb07cd3940a86a4206"
"teams 채팅 데이터\Teams - 와키윌리 온라인 전용 상품 TF팀 - 2026-08-28 - 080109.md","22812","2026-08-29 08:01:10","fbe90f65e71879db33ea966818b96596bec80a1223e9ac190e9a78fb8f86812e"
"teams 채팅 데이터\Teams - 와키윌리 온라인 전용 상품 TF팀 - 2026-08-29 - 080109.md","22812","2026-08-30 08:01:10","905408548ad3fdc9fa390ebec8884f31e1e938240cee1e538e96118075ef9577"
"teams 채팅 데이터\Teams - 와키윌리 온라인 전용 상품 TF팀 - 2026-08-30 - 080110.md","22812","2026-08-31 08:01:11","37ec0965d426f0016ae660fa85bf386597c72313226a7e33d7b26742bd94ec0d"
"teams 채팅 데이터\Teams - 와키윌리 온라인 전용 상품 TF팀 - 2026-08-31 - 080110.md","22812","2026-09-01 08:01:11","777a98cdbd49864c5098a0d28af1295712a7635a6438adb3921b922dc79f4cdd"
"teams 채팅 데이터\Teams - 와키윌리 온라인 전용 상품 TF팀 - 2026-09-01 - 080110.md","22812","2026-09-02 08:01:11","41b8e39a1157f4822d5a006a553119561090ba0ef1457039062c2f51d3daf50e"
"teams 채팅 데이터\Teams - 와키윌리 온라인 전용 상품 TF팀 - 2026-09-02 - 080111.md","22812","2026-09-03 08:01:12","73bd05b42f13c26be4ac79d95440b032bb9b5d9cf64f30eac7587295e50e35cc"
"teams 채팅 데이터\Teams - 와키윌리_광복 FSS 실무자 - 2026-08-23 - 004119.md","12198","2026-08-24 09:41:20","27816774e0c23c28377c17b17f519e3e3445a04e5c1bade9fdfe1c8eeb0c3abd"
"teams 채팅 데이터\Teams - 와키윌리_광복 FSS 실무자 - 2026-08-24 - 230018.md","12198","2026-08-25 08:00:19","ae6357961163ba4da0532644c021967025b60be0700c2f742ee5a7c26c0964bf"
"teams 채팅 데이터\Teams - 와키윌리_광복 FSS 실무자 - 2026-08-25 - 230019.md","12198","2026-08-26 08:00:20","a03d1cc1eebddb301a1e67932bb3d702a0ef03954bd9da8be9d6da3b5b64bbb9"
"teams 채팅 데이터\Teams - 와키윌리_광복 FSS 실무자 - 2026-08-26 - 230015.md","3475","2026-08-27 08:00:17","dfd6c234f69ff0c1bf734eedd7e84f2a639f290db694e58b91135da1c9c716dd"
"teams 채팅 데이터\Teams - 와키윌리_광복 FSS 실무자 - 2026-08-27 - 230016.md","2677","2026-08-28 08:00:18","01d631cce5d60d4d3d79a05e7c78fe92479c00cd8f1a723ebec2fb6fc1dc6aa8"
"teams 채팅 데이터\Teams - 와키윌리_광복 FSS 실무자 - 2026-08-28 - 230011.md","1984","2026-08-29 08:00:13","ea5e5dca00397992d1512e59beadd1670c6eeb2ac30ab959c7106e9808d46ec7"
"teams 채팅 데이터\Teams - 와키윌리_광복 FSS 실무자 - 2026-08-29 - 230012.md","1984","2026-08-30 08:00:13","97499ff1c3877b1b3d2a6e46351f7eb256995c91466e9cdefe0448c492797974"
"teams 채팅 데이터\Teams - 와키윌리_광복 FSS 실무자 - 2026-08-30 - 230013.md","1984","2026-08-31 08:00:18","333446690f72c259a6c0727da09ca7c3b796f735f2aee5be9c039d1e4a883c79"
"teams 채팅 데이터\Teams - 와키윌리_광복 FSS 실무자 - 2026-08-31 - 230011.md","1984","2026-09-01 08:00:13","fe7603703939cd3d80fe346a5427a43f1435aee37db98684187bbfcd8b79b8af"
"teams 채팅 데이터\Teams - 와키윌리_광복 FSS 실무자 - 2026-09-01 - 230013.md","5741","2026-09-02 08:00:14","ddcf4dfb304c5a10b298f9816419406824fc6b96eb55955e77a0e7aa58ae8f81"
"teams 채팅 데이터\Teams - 와키윌리_광복 FSS 실무자 - 2026-09-02 - 230017.md","6580","2026-09-03 08:00:18","8a125889c9c52fe45b1cf29a035ae843434cdd9548f4b25172c8bb4bdc1b3306"
"teams 채팅 데이터\Teams - 카테고리팀 QR-다이마루 이너 - 2026-07-27 - 230053.md","8725","2026-07-28 08:00:54","ecc8261b3335ef3b0f7cf95922087db7ba22e30466f969ea6fc64b2308a0848d"
"teams 채팅 데이터\Teams - 카테고리팀 QR-다이마루 이너 - 2026-07-28 - 230050.md","8725","2026-07-29 08:00:50","e6f0b286f58b9804b0d85de5304a825af6ee6ec9e2ad4436c0fd37fe997d08db"
"teams 채팅 데이터\Teams - 카테고리팀 QR-다이마루 이너 - 2026-07-29 - 230052.md","8725","2026-07-30 08:00:53","ee39221359cdbe728b9e21e5ac2d0c8cde2ebf6b36b479617a2f5971e4723e85"
"teams 채팅 데이터\Teams - 카테고리팀 QR-다이마루 이너 - 2026-07-30 - 230051.md","8725","2026-07-31 08:00:52","13e5ed8de73fab438a958091a77906b7732245c284eeffc0d0eea17743e87e39"
"teams 채팅 데이터\Teams - 카테고리팀 QR-다이마루 이너 - 2026-07-31 - 230053.md","8725","2026-08-01 08:00:54","25a1b0e7572d5b1f173793e94c15e9dea7a23c8c094f92efe8b84b8e5d390dd2"
"teams 채팅 데이터\Teams - 카테고리팀 QR-다이마루 이너 - 2026-08-01 - 230052.md","8725","2026-08-02 08:00:53","a3aee1a65dc00b942aa097e81449f550cf52cac3e68f10b9d367e7d3e5c9c432"
"teams 채팅 데이터\Teams - 카테고리팀 QR-다이마루 이너 - 2026-08-02 - 230050.md","8725","2026-08-03 08:00:51","e059f45565a5f7a855c7b7dd78a306862fabe947d0bd7568f92e499cdd496283"
"teams 채팅 데이터\Teams - 카테고리팀 QR-다이마루 이너 - 2026-08-03 - 230104.md","8725","2026-08-04 08:01:04","8b38ad7f6713bb3562b33fef702dc889cba0e2b01c8772bf269bc07d220ff83c"
"teams 채팅 데이터\Teams - 카테고리팀 QR-다이마루 이너 - 2026-08-04 - 230055.md","8725","2026-08-05 08:00:56","d6e885083e6d89ed2d2e0039b0362969cdd8a408b5599d21e22fb6ed982a955e"
"teams 채팅 데이터\Teams - 카테고리팀 QR-다이마루 이너 - 2026-08-05 - 230051.md","8725","2026-08-06 08:00:52","0d89c6ae78ace4c0d11f1fc466388d9a984cf6418c1462a62015daf9e15671cb"
"teams 채팅 데이터\Teams - 카테고리팀 QR-다이마루 이너 - 2026-08-06 - 230115.md","8725","2026-08-07 08:01:16","9e5b0d4acec08b9094b64d6ef5b92148bcc0b82d5b58706bc90600c0fb3ff13e"
"teams 채팅 데이터\Teams - 카테고리팀 QR-다이마루 이너 - 2026-08-07 - 230052.md","8725","2026-08-08 08:00:53","aa7f52374918318f98cd6c2306604cd2cca9dec5b194656b3d453d955cb2ac46"
"teams 채팅 데이터\Teams - 카테고리팀 QR-다이마루 이너 - 2026-08-08 - 230051.md","8725","2026-08-09 08:00:52","1a91367e4aba59fa9df0837ec3c59c21c069d0935c80c2db9480659a688f1016"
"teams 채팅 데이터\Teams - 카테고리팀 QR-다이마루 이너 - 2026-08-09 - 230106.md","8725","2026-08-10 08:01:08","8739b8eae0feb782d405b98af9ceb3202f8f0b8c6f965745753e928940721a49"
"teams 채팅 데이터\Teams - 카테고리팀 QR-다이마루 이너 - 2026-08-10 - 230052.md","8725","2026-08-11 08:00:53","403a5c83ae1c30bfe6c2f5abef81fd2695e9729542e0f27c0a9a378b7913f096"
"teams 채팅 데이터\Teams - 카테고리팀 QR-다이마루 이너 - 2026-08-11 - 230055.md","8725","2026-08-12 08:00:56","70a6cde6cfe2d51a6a5a9d3442306ad0fd8405cb381c23448023170103421600"
"teams 채팅 데이터\Teams - 카테고리팀 QR-다이마루 이너 - 2026-08-12 - 230053.md","8725","2026-08-13 08:00:54","63b85290c948e255b23969369c8c24d72e0cdbf0d0bf17036d161c71044602fe"
"teams 채팅 데이터\Teams - 카테고리팀 QR-다이마루 이너 - 2026-08-13 - 230052.md","8725","2026-08-14 08:00:53","4db7b94e1479f2fa1749232813fda6a82cdedcd3bc57143726820962c5b8f046"
"teams 채팅 데이터\Teams - 카테고리팀 QR-다이마루 이너 - 2026-08-14 - 230118.md","8725","2026-08-15 08:01:18","1da0f260077cf66bf7300719f54d620ee877673b97cc507b15429aba6e92797d"
"teams 채팅 데이터\Teams - 카테고리팀 QR-다이마루 이너 - 2026-08-15 - 230106.md","8725","2026-08-16 08:01:07","7676245f3082070cc0b321469540bd41ac550d317ed8e37e9c8dd3d6a73bdf73"
"teams 채팅 데이터\Teams - 카테고리팀 QR-다이마루 이너 - 2026-08-16 - 230055.md","8725","2026-08-17 08:00:55","b143f64d9fceb03531ac895100b60c655161a2e879aeb7462e6318c800f172af"
"teams 채팅 데이터\Teams - 카테고리팀 QR-다이마루 이너 - 2026-08-17 - 230052.md","8725","2026-08-18 08:00:53","b7d5fb0390fc3389bbbd98c540485e4d44fe86d3248fbc204ee06c4da116cc17"
"teams 채팅 데이터\Teams - 카테고리팀 QR-다이마루 이너 - 2026-08-18 - 230054.md","8725","2026-08-19 08:00:55","7fa0509fdd206670bae2b2ae35a06b9218cb8f22c3dd1b3c7bfcb332d948b36a"
"teams 채팅 데이터\Teams - 카테고리팀 QR-다이마루 이너 - 2026-08-19 - 230052.md","8725","2026-08-20 08:00:53","f69976e6bdf3d9547308e7c2a8522b8545d17781fffb8af698a845f795385ae2"
"teams 채팅 데이터\Teams - 카테고리팀 QR-다이마루 이너 - 2026-08-20 - 230054.md","8725","2026-08-21 08:00:55","2eed229707b384aed933be163257dbbe6142eea735f63ef134fef3a493d09ee9"
"teams 채팅 데이터\Teams - 카테고리팀 QR-다이마루 이너 - 2026-08-21 - 230104.md","8725","2026-08-22 08:01:04","178509ea848ee8c131973757097904f961af0ae47c243bf729446c31264af30d"
"teams 채팅 데이터\Teams - 카테고리팀 QR-다이마루 이너 - 2026-08-22 - 230054.md","8725","2026-08-23 08:00:55","1809ee53c495a9be58edab7708bb5dd8dd2a8c9413bc103ecd029a4989912868"
"teams 채팅 데이터\Teams - 카테고리팀 QR-다이마루 이너 - 2026-08-23 - 230053.md","8725","2026-08-24 08:00:54","6188be97cd892874c4025653d8fb200253818fed8cc1288b1e12983ddf999645"
"teams 채팅 데이터\Teams - 카테고리팀 QR-다이마루 이너 - 2026-08-24 - 230058.md","8725","2026-08-25 08:00:59","afc9a3d4a29e8e3547b8d21c7d072a1a41a4469e50407b56d1fe0c3c4b05c317"
"teams 채팅 데이터\Teams - 카테고리팀 QR-다이마루 이너 - 2026-08-25 - 230101.md","8725","2026-08-26 08:01:01","b18d2cafdc22b9c79e9e9aaca80a3ed51c4dcf606b9d5da891d89c243ea63a92"
"teams 채팅 데이터\Teams - 카테고리팀 QR-다이마루 이너 - 2026-08-26 - 230055.md","8725","2026-08-27 08:00:56","90a4cb314f46bb23db0f1eb8e75dc7bb819253fbf92f072d2265d6fd71343f90"
"teams 채팅 데이터\Teams - 카테고리팀 QR-다이마루 이너 - 2026-08-27 - 230053.md","8725","2026-08-28 08:00:55","d7e89e48fdc7c55fa0caa4552f3905452c98197f427f6811930d71e36ea37b69"
"teams 채팅 데이터\Teams - 카테고리팀 QR-다이마루 이너 - 2026-08-28 - 230053.md","8725","2026-08-29 08:00:54","649821e1ed99636792f9254b12ce11344f305a351e1e9c052985e634e9b3c520"
"teams 채팅 데이터\Teams - 카테고리팀 QR-다이마루 이너 - 2026-08-29 - 230103.md","8725","2026-08-30 08:01:04","5b952f0e3598690e5b438e58c431c6bd371845d834cd26d7dfd85111082abc96"
"teams 채팅 데이터\Teams - 카테고리팀 QR-다이마루 이너 - 2026-08-30 - 230051.md","8725","2026-08-31 08:00:52","cbdb817f6364c2252f533c61bb1c73a6ad094ece04c536480bfcd73cbcdfaafa"
"teams 채팅 데이터\Teams - 카테고리팀 QR-다이마루 이너 - 2026-08-31 - 230052.md","8725","2026-09-01 08:00:53","774420edc188f3d67c32e9eace003dab36824ef317e59d37950a095be811f8d7"
"teams 채팅 데이터\Teams - 카테고리팀 QR-다이마루 이너 - 2026-09-01 - 230053.md","8725","2026-09-02 08:00:54","5f7a2edb16b415057c42543fa1492d057520d148eaba6324db8f890c85889bcd"
"teams 채팅 데이터\Teams - 카테고리팀 QR-다이마루 이너 - 2026-09-02 - 230055.md","8725","2026-09-03 08:00:55","19b4cdc47651c06586fbef9cf852f65bc2e10ae13491fbcc1cc15b14de8e5a61"
"teams 채팅 데이터\teams_chat_archive.md","1998047","2026-07-27 16:33:25","c06f3ce5e2e8cdaafe236fa304222d0522e5640e88b64635052e35a22c39a66f"
